policy,origin,method,horizon,actual,pred,err,ape
expanding,2025-02,naive,1,498475.36,478380.1,-20095.26,0.04031344699
expanding,2025-02,naive,2,509179.7,478380.1,-30799.6,0.06048866441
expanding,2025-02,naive,3,558484.2,478380.1,-80104.1,0.1434312734
expanding,2025-02,naive,4,578659.14,478380.1,-100279.04,0.1732955259
expanding,2025-02,naive,5,590750.04,478380.1,-112369.94,0.1902157129
expanding,2025-02,naive,6,611621.18,478380.1,-133241.08,0.2178490287
expanding,2025-02,drift,1,498475.36,487904.6353,-10570.72471,0.02120611279
expanding,2025-02,drift,2,509179.7,497429.1706,-11750.52941,0.02307737212
expanding,2025-02,drift,3,558484.2,506953.7059,-51530.49412,0.09226849053
expanding,2025-02,drift,4,578659.14,516478.2412,-62180.89882,0.107456868
expanding,2025-02,drift,5,590750.04,526002.7765,-64747.26353,0.1096017929
expanding,2025-02,drift,6,611621.18,535527.3118,-76093.86824,0.1244133963
expanding,2025-02,log_linear,1,498475.36,477613.0129,-20862.34714,0.04185231371
expanding,2025-02,log_linear,2,509179.7,489078.3086,-20101.39135,0.03947799049
expanding,2025-02,log_linear,3,558484.2,500818.8336,-57665.36645,0.1032533534
expanding,2025-02,log_linear,4,578659.14,512841.1946,-65817.94544,0.1137421686
expanding,2025-02,log_linear,5,590750.04,525152.1573,-65597.88274,0.1110416899
expanding,2025-02,log_linear,6,611621.18,537758.6497,-73862.53034,0.1207651611
expanding,2025-02,holt,1,498475.36,495062.2465,-3413.113529,0.006847105802
expanding,2025-02,holt,2,509179.7,511744.3929,2564.692941,0.005036911215
expanding,2025-02,holt,3,558484.2,528426.5394,-30057.66059,0.05382007331
expanding,2025-02,holt,4,578659.14,545108.6859,-33550.45412,0.0579796495
expanding,2025-02,holt,5,590750.04,561790.8324,-28959.20765,0.04902108453
expanding,2025-02,holt,6,611621.18,578472.9788,-33148.20118,0.05419727482
expanding,2025-02,driver_nrr,1,498475.36,491484.3965,-6990.963476,0.01402469217
expanding,2025-02,driver_nrr,2,509179.7,504577.1276,-4602.572399,0.009039190681
expanding,2025-02,driver_nrr,3,558484.2,517658.3034,-40825.89656,0.07310125615
expanding,2025-02,driver_nrr,4,578659.14,530727.9342,-47931.20576,0.08283150209
expanding,2025-02,driver_nrr,5,590750.04,543786.0302,-46964.00982,0.07949895326
expanding,2025-02,driver_nrr,6,611621.18,556832.6015,-54788.57855,0.08957926955
expanding,2025-03,naive,1,509179.7,498475.36,-10704.34,0.02102271556
expanding,2025-03,naive,2,558484.2,498475.36,-60008.84,0.1074494856
expanding,2025-03,naive,3,578659.14,498475.36,-80183.78,0.1385682424
expanding,2025-03,naive,4,590750.04,498475.36,-92274.68,0.1561991938
expanding,2025-03,naive,5,611621.18,498475.36,-113145.82,0.1849932993
expanding,2025-03,naive,6,666924.5,498475.36,-168449.14,0.2525760262
expanding,2025-03,drift,1,509179.7,508587.1578,-592.5422222,0.001163719257
expanding,2025-03,drift,2,558484.2,518698.9556,-39785.24444,0.07123790511
expanding,2025-03,drift,3,578659.14,528810.7533,-49848.38667,0.08614464582
expanding,2025-03,drift,4,590750.04,538922.5511,-51827.48889,0.08773167225
expanding,2025-03,drift,5,611621.18,549034.3489,-62586.83111,0.1023294045
expanding,2025-03,drift,6,666924.5,559146.1467,-107778.3533,0.1616050293
expanding,2025-03,log_linear,1,509179.7,493500.2289,-15679.47111,0.03079359038
expanding,2025-03,log_linear,2,558484.2,505688.1549,-52796.04513,0.09453453675
expanding,2025-03,log_linear,3,578659.14,518177.0848,-60482.05515,0.1045210401
expanding,2025-03,log_linear,4,590750.04,530974.4527,-59775.58732,0.1011859217
expanding,2025-03,log_linear,5,611621.18,544087.8758,-67533.30416,0.1104168828
expanding,2025-03,log_linear,6,666924.5,557525.1599,-109399.3401,0.1640355694
expanding,2025-03,holt,1,509179.7,517631.8121,8452.112129,0.01659946799
expanding,2025-03,holt,2,558484.2,536788.2643,-21695.93574,0.03884789532
expanding,2025-03,holt,3,578659.14,555944.7164,-22714.42361,0.03925354676
expanding,2025-03,holt,4,590750.04,575101.1685,-15648.87148,0.02648983567
expanding,2025-03,holt,5,611621.18,594257.6206,-17363.55935,0.02838940168
expanding,2025-03,holt,6,666924.5,613414.0728,-53510.42722,0.0802346101
expanding,2025-03,driver_nrr,1,509179.7,513197.5141,4017.814093,0.007890758593
expanding,2025-03,driver_nrr,2,558484.2,527915.4247,-30568.77529,0.05473525534
expanding,2025-03,driver_nrr,3,578659.14,542629.0931,-36030.04692,0.06226471585
expanding,2025-03,driver_nrr,4,590750.04,557338.5204,-33411.51959,0.05655779488
expanding,2025-03,driver_nrr,5,611621.18,572043.7079,-39577.47206,0.0647091261
expanding,2025-03,driver_nrr,6,666924.5,586744.6569,-80179.84312,0.1202232683
expanding,2025-04,naive,1,558484.2,509179.7,-49304.5,0.08828271238
expanding,2025-04,naive,2,578659.14,509179.7,-69479.44,0.1200697184
expanding,2025-04,naive,3,590750.04,509179.7,-81570.34,0.1380792797
expanding,2025-04,naive,4,611621.18,509179.7,-102441.48,0.1674917144
expanding,2025-04,naive,5,666924.5,509179.7,-157744.8,0.2365257237
expanding,2025-04,naive,6,686898.22,509179.7,-177718.52,0.2587261327
expanding,2025-04,drift,1,558484.2,519322.6842,-39161.51579,0.07012108094
expanding,2025-04,drift,2,578659.14,529465.6684,-49193.47158,0.0850128654
expanding,2025-04,drift,3,590750.04,539608.6526,-51141.38737,0.08657026476
expanding,2025-04,drift,4,611621.18,549751.6368,-61869.54316,0.1011566394
expanding,2025-04,drift,5,666924.5,559894.6211,-107029.8789,0.1604827517
expanding,2025-04,drift,6,686898.22,570037.6053,-116860.6147,0.1701279918
expanding,2025-04,log_linear,1,558484.2,508861.4199,-49622.78011,0.08885261232
expanding,2025-04,log_linear,2,578659.14,521661.7586,-56997.38142,0.09849906013
expanding,2025-04,log_linear,3,590750.04,534784.088,-55965.95198,0.09473711078
expanding,2025-04,log_linear,4,611621.18,548236.5078,-63384.67216,0.1036338738
expanding,2025-04,log_linear,5,666924.5,562027.3214,-104897.1786,0.1572849379
expanding,2025-04,log_linear,6,686898.22,576165.041,-110733.179,0.1612075498
expanding,2025-04,holt,1,558484.2,524036.254,-34447.94598,0.0616811469
expanding,2025-04,holt,2,578659.14,538892.808,-39766.33196,0.06872151361
expanding,2025-04,holt,3,590750.04,553749.3621,-37000.67795,0.06263339051
expanding,2025-04,holt,4,611621.18,568605.9161,-43015.26393,0.07032991227
expanding,2025-04,holt,5,666924.5,583462.4701,-83462.02991,0.1251446452
expanding,2025-04,holt,6,686898.22,598319.0241,-88579.19589,0.1289553435
expanding,2025-04,driver_nrr,1,558484.2,523442.6198,-35041.58021,0.06274408516
expanding,2025-04,driver_nrr,2,578659.14,537710.3647,-40948.77534,0.07076493311
expanding,2025-04,driver_nrr,3,590750.04,551982.9362,-38767.10375,0.06562353132
expanding,2025-04,driver_nrr,4,611621.18,566260.3362,-45360.84382,0.07416493298
expanding,2025-04,driver_nrr,5,666924.5,580542.5661,-86381.93392,0.1295228079
expanding,2025-04,driver_nrr,6,686898.22,594829.6276,-92068.5924,0.1340352759
expanding,2025-05,naive,1,578659.14,558484.2,-20174.94,0.03486498114
expanding,2025-05,naive,2,590750.04,558484.2,-32265.84,0.0546184305
expanding,2025-05,naive,3,611621.18,558484.2,-53136.98,0.08687890763
expanding,2025-05,naive,4,666924.5,558484.2,-108440.3,0.1625975654
expanding,2025-05,naive,5,686898.22,558484.2,-128414.02,0.1869476674
expanding,2025-05,naive,6,701693.54,558484.2,-143209.34,0.2040910053
expanding,2025-05,drift,1,578659.14,570585.26,-8073.88,0.01395273909
expanding,2025-05,drift,2,590750.04,582686.32,-8063.72,0.01364996945
expanding,2025-05,drift,3,611621.18,594787.38,-16833.8,0.02752324568
expanding,2025-05,drift,4,666924.5,606888.44,-60036.06,0.09001927505
expanding,2025-05,drift,5,686898.22,618989.5,-67908.72,0.09886285628
expanding,2025-05,drift,6,701693.54,631090.56,-70602.98,0.1006179706
expanding,2025-05,log_linear,1,578659.14,530990.0756,-47669.06435,0.08237848684
expanding,2025-05,log_linear,2,590750.04,545005.2711,-45744.76885,0.07743506687
expanding,2025-05,log_linear,3,611621.18,559390.3901,-52230.78986,0.08539728768
expanding,2025-05,log_linear,4,666924.5,574155.1966,-92769.30344,0.1391001582
expanding,2025-05,log_linear,5,686898.22,589309.7121,-97588.50794,0.142071278
expanding,2025-05,log_linear,6,701693.54,604864.2228,-96829.31722,0.1379937419
expanding,2025-05,holt,1,578659.14,578964.7075,305.5674829,0.0005280612743
expanding,2025-05,holt,2,590750.04,608575.2745,17825.23446,0.03017390309
expanding,2025-05,holt,3,611621.18,638185.8414,26564.66143,0.04343319411
expanding,2025-05,holt,4,666924.5,667796.4084,871.9084085,0.001307356993
expanding,2025-05,holt,5,686898.22,697406.9754,10508.75538,0.01529885371
expanding,2025-05,holt,6,701693.54,727017.5424,25324.00236,0.03608983255
expanding,2025-05,driver_nrr,1,578659.14,579229.9996,570.8596382,0.000986521423
expanding,2025-05,driver_nrr,2,590750.04,599958.9335,9208.89346,0.01558847708
expanding,2025-05,driver_nrr,3,611621.18,620671.0152,9049.835176,0.0147964712
expanding,2025-05,driver_nrr,4,666924.5,641366.2585,-25558.24151,0.03832254102
expanding,2025-05,driver_nrr,5,686898.22,662044.6771,-24853.54292,0.03618227882
expanding,2025-05,driver_nrr,6,701693.54,682706.2846,-18987.25536,0.02705918506
expanding,2025-06,naive,1,590750.04,578659.14,-12090.9,0.02046703205
expanding,2025-06,naive,2,611621.18,578659.14,-32962.04,0.05389290149
expanding,2025-06,naive,3,666924.5,578659.14,-88265.36,0.1323468549
expanding,2025-06,naive,4,686898.22,578659.14,-108239.08,0.1575765912
expanding,2025-06,naive,5,701693.54,578659.14,-123034.4,0.1753392229
expanding,2025-06,naive,6,741832.2,578659.14,-163173.06,0.2199595272
expanding,2025-06,drift,1,590750.04,591144.6705,394.6304762,0.0006680159957
expanding,2025-06,drift,2,611621.18,603630.201,-7990.979048,0.01306524252
expanding,2025-06,drift,3,666924.5,616115.7314,-50808.76857,0.07618368882
expanding,2025-06,drift,4,686898.22,628601.2619,-58296.9581,0.08486986339
expanding,2025-06,drift,5,701693.54,641086.7924,-60606.74762,0.08637210429
expanding,2025-06,drift,6,741832.2,653572.3229,-88259.87714,0.1189755273
expanding,2025-06,log_linear,1,590750.04,553591.1536,-37158.88644,0.06290120003
expanding,2025-06,log_linear,2,611621.18,568782.4195,-42838.76051,0.07004132935
expanding,2025-06,log_linear,3,666924.5,584390.5536,-82533.94635,0.123753058
expanding,2025-06,log_linear,4,686898.22,600426.9954,-86471.22457,0.1258865172
expanding,2025-06,log_linear,5,701693.54,616903.4982,-84790.04183,0.1208362868
expanding,2025-06,log_linear,6,741832.2,633832.1377,-108000.0623,0.1455855681
expanding,2025-06,holt,1,590750.04,608233.0389,17482.99888,0.02959457925
expanding,2025-06,holt,2,611621.18,637715.2675,26094.08751,0.04266380623
expanding,2025-06,holt,3,666924.5,667197.4961,272.9961421,0.0004093359025
expanding,2025-06,holt,4,686898.22,696679.7248,9781.504775,0.01424010791
expanding,2025-06,holt,5,701693.54,726161.9534,24468.41341,0.03487051257
expanding,2025-06,holt,6,741832.2,755644.182,13811.98204,0.0186187416
expanding,2025-06,driver_nrr,1,590750.04,601674.7336,10924.69361,0.01849292064
expanding,2025-06,driver_nrr,2,611621.18,624688.0439,13066.86394,0.02136430909
expanding,2025-06,driver_nrr,3,666924.5,647699.0712,-19225.42879,0.02882699435
expanding,2025-06,driver_nrr,4,686898.22,670707.8157,-16190.40435,0.02357031053
expanding,2025-06,driver_nrr,5,701693.54,693714.2775,-7979.262509,0.01137143504
expanding,2025-06,driver_nrr,6,741832.2,716718.457,-25113.74305,0.03385367074
expanding,2025-07,naive,1,611621.18,590750.04,-20871.14,0.03412429243
expanding,2025-07,naive,2,666924.5,590750.04,-76174.46,0.1142175164
expanding,2025-07,naive,3,686898.22,590750.04,-96148.18,0.1399744201
expanding,2025-07,naive,4,701693.54,590750.04,-110943.5,0.1581081964
expanding,2025-07,naive,5,741832.2,590750.04,-151082.16,0.2036608279
expanding,2025-07,naive,6,790963.62,590750.04,-200213.58,0.2531261552
expanding,2025-07,drift,1,611621.18,603217.6327,-8403.547273,0.01373979114
expanding,2025-07,drift,2,666924.5,615685.2255,-51239.27455,0.07682919813
expanding,2025-07,drift,3,686898.22,628152.8182,-58745.40182,0.08552271662
expanding,2025-07,drift,4,701693.54,640620.4109,-61073.12909,0.08703675552
expanding,2025-07,drift,5,741832.2,653088.0036,-88744.19636,0.1196283962
expanding,2025-07,drift,6,790963.62,665555.5964,-125408.0236,0.1585509377
expanding,2025-07,log_linear,1,611621.18,575245.2675,-36375.9125,0.05947457951
expanding,2025-07,log_linear,2,666924.5,591448.2593,-75476.2407,0.1131705923
expanding,2025-07,log_linear,3,686898.22,608107.6424,-78790.57758,0.1147048795
expanding,2025-07,log_linear,4,701693.54,625236.2721,-76457.26793,0.1089610543
expanding,2025-07,log_linear,5,741832.2,642847.3656,-98984.83444,0.1334329171
expanding,2025-07,log_linear,6,790963.62,660954.5125,-130009.1075,0.164367999
expanding,2025-07,holt,1,611621.18,612961.4026,1340.222625,0.002191262613
expanding,2025-07,holt,2,666924.5,633855.466,-33069.03402,0.04958437428
expanding,2025-07,holt,3,686898.22,654749.5293,-32148.69067,0.04680269905
expanding,2025-07,holt,4,701693.54,675643.5927,-26049.94732,0.03712439382
expanding,2025-07,holt,5,741832.2,696537.656,-45294.54396,0.06105766771
expanding,2025-07,holt,6,790963.62,717431.7194,-73531.90061,0.09296495914
expanding,2025-07,driver_nrr,1,611621.18,613018.6282,1397.448223,0.002284826407
expanding,2025-07,driver_nrr,2,666924.5,635219.8203,-31704.67969,0.04753863397
expanding,2025-07,driver_nrr,3,686898.22,657353.8202,-29544.39977,0.0430113209
expanding,2025-07,driver_nrr,4,701693.54,679420.8313,-22272.70865,0.03174136198
expanding,2025-07,driver_nrr,5,741832.2,701421.0564,-40411.1436,0.05447477691
expanding,2025-07,driver_nrr,6,790963.62,723354.6975,-67608.92248,0.08547665249
expanding,2025-08,naive,1,666924.5,611621.18,-55303.32,0.08292290956
expanding,2025-08,naive,2,686898.22,611621.18,-75277.04,0.1095898021
expanding,2025-08,naive,3,701693.54,611621.18,-90072.36,0.1283642429
expanding,2025-08,naive,4,741832.2,611621.18,-130211.02,0.1755262443
expanding,2025-08,naive,5,790963.62,611621.18,-179342.44,0.2267391767
expanding,2025-08,naive,6,841882.84,611621.18,-230261.66,0.2735079622
expanding,2025-08,drift,1,666924.5,624454.1443,-42470.35565,0.06368090489
expanding,2025-08,drift,2,686898.22,637287.1087,-49611.1113,0.07222483602
expanding,2025-08,drift,3,701693.54,650120.073,-51573.46696,0.07349856314
expanding,2025-08,drift,4,741832.2,662953.0374,-78879.16261,0.1063301952
expanding,2025-08,drift,5,790963.62,675786.0017,-115177.6183,0.1456168341
expanding,2025-08,drift,6,841882.84,688618.9661,-153263.8739,0.1820489344
expanding,2025-08,log_linear,1,666924.5,597523.5155,-69400.98449,0.1040612311
expanding,2025-08,log_linear,2,686898.22,614730.8375,-72167.38249,0.1050627013
expanding,2025-08,log_linear,3,701693.54,632433.6913,-69259.84865,0.09870384249
expanding,2025-08,log_linear,4,741832.2,650646.3472,-91185.85277,0.1229197826
expanding,2025-08,log_linear,5,790963.62,669383.4863,-121580.1337,0.1537114105
expanding,2025-08,log_linear,6,841882.84,688660.2125,-153222.6275,0.1819999414
expanding,2025-08,holt,1,666924.5,632227.0955,-34697.40451,0.05202598572
expanding,2025-08,holt,2,686898.22,652698.9887,-34199.23129,0.04978791659
expanding,2025-08,holt,3,701693.54,673170.8819,-28522.65806,0.04064831217
expanding,2025-08,holt,4,741832.2,693642.7752,-48189.42483,0.0649600069
expanding,2025-08,holt,5,790963.62,714114.6684,-76848.95161,0.09715864253
expanding,2025-08,holt,6,841882.84,734586.5616,-107296.2784,0.1274479931
expanding,2025-08,driver_nrr,1,666924.5,633339.2435,-33585.25647,0.0503584086
expanding,2025-08,driver_nrr,2,686898.22,655064.8254,-31833.39462,0.04634368483
expanding,2025-08,driver_nrr,3,701693.54,676797.9282,-24895.61183,0.03547932311
expanding,2025-08,driver_nrr,4,741832.2,698538.5545,-43293.6455,0.05836042909
expanding,2025-08,driver_nrr,5,790963.62,720286.707,-70676.91304,0.08935545359
expanding,2025-08,driver_nrr,6,841882.84,742042.3882,-99840.45182,0.1185918599
expanding,2025-09,naive,1,686898.22,666924.5,-19973.72,0.0290781362
expanding,2025-09,naive,2,701693.54,666924.5,-34769.04,0.04955017827
expanding,2025-09,naive,3,741832.2,666924.5,-74907.7,0.100976609
expanding,2025-09,naive,4,790963.62,666924.5,-124039.12,0.1568202593
expanding,2025-09,naive,5,841882.84,666924.5,-174958.34,0.2078179192
expanding,2025-09,naive,6,859142.06,666924.5,-192217.56,0.2237319868
expanding,2025-09,drift,1,686898.22,681527.0625,-5371.1575,0.007819437209
expanding,2025-09,drift,2,701693.54,696129.625,-5563.915,0.007929266386
expanding,2025-09,drift,3,741832.2,710732.1875,-31100.0125,0.04192324423
expanding,2025-09,drift,4,790963.62,725334.75,-65628.87,0.08297331045
expanding,2025-09,drift,5,841882.84,739937.3125,-101945.5275,0.1210922977
expanding,2025-09,drift,6,859142.06,754539.875,-104602.185,0.1217519079
expanding,2025-09,log_linear,1,686898.22,625634.1795,-61264.04051,0.0891894006
expanding,2025-09,log_linear,2,701693.54,644304.2155,-57389.32451,0.0817868788
expanding,2025-09,log_linear,3,741832.2,663531.3986,-78300.80144,0.1055505564
expanding,2025-09,log_linear,4,790963.62,683332.3549,-107631.2651,0.1360761258
expanding,2025-09,log_linear,5,841882.84,703724.2071,-138158.6329,0.1641067217
expanding,2025-09,log_linear,6,859142.06,724724.5883,-134417.4717,0.1564554664
expanding,2025-09,holt,1,686898.22,683513.2096,-3385.01036,0.004927964961
expanding,2025-09,holt,2,701693.54,713890.9668,12197.42677,0.01738284033
expanding,2025-09,holt,3,741832.2,744268.7239,2436.523894,0.003284467692
expanding,2025-09,holt,4,790963.62,774646.481,-16317.13898,0.02062944308
expanding,2025-09,holt,5,841882.84,805024.2381,-36858.60185,0.04378115351
expanding,2025-09,holt,6,859142.06,835401.9953,-23740.06473,0.02763229253
expanding,2025-09,driver_nrr,1,686898.22,694583.9688,7685.748841,0.01118906501
expanding,2025-09,driver_nrr,2,701693.54,722268.0092,20574.46924,0.02932116097
expanding,2025-09,driver_nrr,3,741832.2,749976.643,8144.443023,0.01097882112
expanding,2025-09,driver_nrr,4,790963.62,777709.892,-13253.72796,0.01675643181
expanding,2025-09,driver_nrr,5,841882.84,805467.7782,-36415.06184,0.04325431059
expanding,2025-09,driver_nrr,6,859142.06,833250.3233,-25891.73674,0.03013673517
expanding,2025-10,naive,1,701693.54,686898.22,-14795.32,0.0210851592
expanding,2025-10,naive,2,741832.2,686898.22,-54933.98,0.07405175995
expanding,2025-10,naive,3,790963.62,686898.22,-104065.4,0.1315678716
expanding,2025-10,naive,4,841882.84,686898.22,-154984.62,0.1840928602
expanding,2025-10,naive,5,859142.06,686898.22,-172243.84,0.2004835382
expanding,2025-10,naive,6,889938.42,686898.22,-203040.2,0.2281508422
expanding,2025-10,drift,1,701693.54,701715.6288,22.0888,3.147926943e-05
expanding,2025-10,drift,2,741832.2,716533.0376,-25299.1624,0.03410361858
expanding,2025-10,drift,3,790963.62,731350.4464,-59613.1736,0.0753677819
expanding,2025-10,drift,4,841882.84,746167.8552,-95714.9848,0.1136915735
expanding,2025-10,drift,5,859142.06,760985.264,-98156.796,0.1142497854
expanding,2025-10,drift,6,889938.42,775802.6728,-114135.7472,0.1282512864
expanding,2025-10,log_linear,1,701693.54,653631.2496,-48062.29044,0.06849470274
expanding,2025-10,log_linear,2,741832.2,673674.4581,-68157.74187,0.09187757268
expanding,2025-10,log_linear,3,790963.62,694332.2796,-96631.34039,0.1221691339
expanding,2025-10,log_linear,4,841882.84,715623.5607,-126259.2793,0.149972506
expanding,2025-10,log_linear,5,859142.06,737567.7262,-121574.3338,0.1415066721
expanding,2025-10,log_linear,6,889938.42,760184.7963,-129753.6237,0.1458006766
expanding,2025-10,holt,1,701693.54,716598.9751,14905.43505,0.02124208676
expanding,2025-10,holt,2,741832.2,747992.2353,6160.035289,0.008303812222
expanding,2025-10,holt,3,790963.62,779385.4955,-11578.12448,0.01463799874
expanding,2025-10,holt,4,841882.84,810778.7558,-31104.08424,0.03694585845
expanding,2025-10,holt,5,859142.06,842172.016,-16970.04401,0.01975231431
expanding,2025-10,holt,6,889938.42,873565.2762,-16373.14377,0.01839806374
expanding,2025-10,driver_nrr,1,701693.54,715912.8354,14219.29544,0.02026425303
expanding,2025-10,driver_nrr,2,741832.2,744978.6437,3146.443667,0.004241449302
expanding,2025-10,driver_nrr,3,790963.62,774095.735,-16867.88501,0.02132574063
expanding,2025-10,driver_nrr,4,841882.84,803264.1999,-38618.6401,0.04587175111
expanding,2025-10,driver_nrr,5,859142.06,832484.129,-26657.93097,0.03102854838
expanding,2025-10,driver_nrr,6,889938.42,861755.6132,-28182.80681,0.03166826623
expanding,2025-11,naive,1,741832.2,701693.54,-40138.66,0.05410746527
expanding,2025-11,naive,2,790963.62,701693.54,-89270.08,0.1128624348
expanding,2025-11,naive,3,841882.84,701693.54,-140189.3,0.1665187759
expanding,2025-11,naive,4,859142.06,701693.54,-157448.52,0.1832624979
expanding,2025-11,naive,5,889938.42,701693.54,-188244.88,0.2115257368
expanding,2025-11,naive,6,925608.14,701693.54,-223914.6,0.2419107939
expanding,2025-11,drift,1,741832.2,716510.0992,-25322.10077,0.03413453982
expanding,2025-11,drift,2,790963.62,731326.6585,-59636.96154,0.07539785653
expanding,2025-11,drift,3,841882.84,746143.2177,-95739.62231,0.1137208383
expanding,2025-11,drift,4,859142.06,760959.7769,-98182.28308,0.1142794512
expanding,2025-11,drift,5,889938.42,775776.3362,-114162.0838,0.1282808802
expanding,2025-11,drift,6,925608.14,790592.8954,-135015.2446,0.1458665269
expanding,2025-11,log_linear,1,741832.2,680793.214,-61038.98598,0.08228139191
expanding,2025-11,log_linear,2,790963.62,702064.5647,-88899.05526,0.1123933554
expanding,2025-11,log_linear,3,841882.84,724000.5378,-117882.3022,0.1400222176
expanding,2025-11,log_linear,4,859142.06,746621.8992,-112520.1608,0.1309680506
expanding,2025-11,log_linear,5,889938.42,769950.064,-119988.356,0.1348277064
expanding,2025-11,log_linear,6,925608.14,794007.1161,-131601.0239,0.1421779025
expanding,2025-11,holt,1,741832.2,736067.8872,-5764.312754,0.007770372807
expanding,2025-11,holt,2,790963.62,762989.517,-27974.10304,0.03536711718
expanding,2025-11,holt,3,841882.84,789911.1467,-51971.69332,0.06173269112
expanding,2025-11,holt,4,859142.06,816832.7764,-42309.2836,0.0492459694
expanding,2025-11,holt,5,889938.42,843754.4061,-46184.01388,0.05189574115
expanding,2025-11,holt,6,925608.14,870676.0358,-54932.10416,0.05934704092
expanding,2025-11,driver_nrr,1,741832.2,725024.044,-16808.15599,0.02265762525
expanding,2025-11,driver_nrr,2,790963.62,748398.4699,-42565.15011,0.05381429567
expanding,2025-11,driver_nrr,3,841882.84,771816.9003,-70065.93968,0.08322528546
expanding,2025-11,driver_nrr,4,859142.06,795279.4181,-63862.64185,0.07433304086
expanding,2025-11,driver_nrr,5,889938.42,818786.1064,-71152.31364,0.07995195177
expanding,2025-11,driver_nrr,6,925608.14,842337.0481,-83271.09187,0.08996365553
expanding,2025-12,naive,1,790963.62,741832.2,-49131.42,0.06211590364
expanding,2025-12,naive,2,841882.84,741832.2,-100050.64,0.1188415243
expanding,2025-12,naive,3,859142.06,741832.2,-117309.86,0.1365430299
expanding,2025-12,naive,4,889938.42,741832.2,-148106.22,0.1664229981
expanding,2025-12,naive,5,925608.14,741832.2,-183775.94,0.198546158
expanding,2025-12,naive,6,968801.82,741832.2,-226969.62,0.2342786887
expanding,2025-12,drift,1,790963.62,757586.6148,-33377.00519,0.04219790183
expanding,2025-12,drift,2,841882.84,773341.0296,-68541.81037,0.08141490373
expanding,2025-12,drift,3,859142.06,789095.4444,-70046.61556,0.08153088857
expanding,2025-12,drift,4,889938.42,804849.8593,-85088.56074,0.0956117399
expanding,2025-12,drift,5,925608.14,820604.2741,-105003.8659,0.1134431099
expanding,2025-12,drift,6,968801.82,836358.6889,-132443.1311,0.1367081774
expanding,2025-12,log_linear,1,790963.62,710729.3698,-80234.25021,0.10143861
expanding,2025-12,log_linear,2,841882.84,733401.2452,-108481.5948,0.1288559283
expanding,2025-12,log_linear,3,859142.06,756796.3409,-102345.7191,0.1191254903
expanding,2025-12,log_linear,4,889938.42,780937.7272,-109000.6928,0.1224811631
expanding,2025-12,log_linear,5,925608.14,805849.2105,-119758.9295,0.1293840496
expanding,2025-12,log_linear,6,968801.82,831555.3564,-137246.4636,0.1416661909
expanding,2025-12,holt,1,790963.62,767600.9672,-23362.65283,0.02953694992
expanding,2025-12,holt,2,841882.84,796251.8907,-45630.94929,0.05420106827
expanding,2025-12,holt,3,859142.06,824902.8143,-34239.24574,0.03985283382
expanding,2025-12,holt,4,889938.42,853553.7378,-36384.6822,0.04088449423
expanding,2025-12,holt,5,925608.14,882204.6613,-43403.47865,0.04689185064
expanding,2025-12,holt,6,968801.82,910855.5849,-57946.23511,0.05981226905
expanding,2025-12,driver_nrr,1,790963.62,768470.988,-22492.63204,0.02843699947
expanding,2025-12,driver_nrr,2,841882.84,795179.1334,-46703.70661,0.05547530415
expanding,2025-12,driver_nrr,3,859142.06,821956.8169,-37185.24312,0.04328183294
expanding,2025-12,driver_nrr,4,889938.42,848804.2195,-41134.20051,0.04622140093
expanding,2025-12,driver_nrr,5,925608.14,875721.5227,-49886.61728,0.05389604426
expanding,2025-12,driver_nrr,6,968801.82,902708.9086,-66092.91142,0.06822129155
expanding,2026-01,naive,1,841882.84,790963.62,-50919.22,0.06048254885
expanding,2026-01,naive,2,859142.06,790963.62,-68178.44,0.07935642215
expanding,2026-01,naive,3,889938.42,790963.62,-98974.8,0.1112153356
expanding,2026-01,naive,4,925608.14,790963.62,-134644.52,0.1454660068
expanding,2026-01,naive,5,968801.82,790963.62,-177838.2,0.1835650969
expanding,2026-01,naive,6,997181.74,790963.62,-206218.12,0.2068009388
expanding,2026-01,drift,1,841882.84,807910.0707,-33972.76929,0.04035332195
expanding,2026-01,drift,2,859142.06,824856.5214,-34285.53857,0.03990671644
expanding,2026-01,drift,3,889938.42,841802.9721,-48135.44786,0.05408851531
expanding,2026-01,drift,4,925608.14,858749.4229,-66858.71714,0.07223220524
expanding,2026-01,drift,5,968801.82,875695.8736,-93105.94643,0.09610422329
expanding,2026-01,drift,6,997181.74,892642.3243,-104539.4157,0.1048348676
expanding,2026-01,log_linear,1,841882.84,744301.4231,-97581.41689,0.1159085472
expanding,2026-01,log_linear,2,859142.06,768610.9906,-90531.06939,0.1053738067
expanding,2026-01,log_linear,3,889938.42,793714.5309,-96223.8891,0.1081242106
expanding,2026-01,log_linear,4,925608.14,819637.9758,-105970.1642,0.1144870703
expanding,2026-01,log_linear,5,968801.82,846408.1043,-122393.7157,0.1263351422
expanding,2026-01,log_linear,6,997181.74,874052.5697,-123129.1703,0.123477161
expanding,2026-01,holt,1,841882.84,814942.013,-26940.82702,0.03200068435
expanding,2026-01,holt,2,859142.06,850601.7324,-8540.327628,0.00994053024
expanding,2026-01,holt,3,889938.42,886261.4518,-3676.968233,0.004131710859
expanding,2026-01,holt,4,925608.14,921921.1712,-3686.968839,0.003983293447
expanding,2026-01,holt,5,968801.82,957580.8906,-11220.92944,0.01158227536
expanding,2026-01,holt,6,997181.74,993240.6099,-3941.13005,0.003952268571
expanding,2026-01,driver_nrr,1,841882.84,824370.0861,-17512.7539,0.02080188961
expanding,2026-01,driver_nrr,2,859142.06,857989.3878,-1152.672245,0.001341655005
expanding,2026-01,driver_nrr,3,889938.42,891822.881,1884.460968,0.002117518387
expanding,2026-01,driver_nrr,4,925608.14,925871.9304,263.7903691,0.0002849914102
expanding,2026-01,driver_nrr,5,968801.82,960137.9093,-8663.910714,0.008942913334
expanding,2026-01,driver_nrr,6,997181.74,994622.1998,-2559.540203,0.00256677404
expanding,2026-02,naive,1,859142.06,841882.84,-17259.22,0.02008890125
expanding,2026-02,naive,2,889938.42,841882.84,-48055.58,0.05399876994
expanding,2026-02,naive,3,925608.14,841882.84,-83725.3,0.09045436874
expanding,2026-02,naive,4,968801.82,841882.84,-126918.98,0.1310061329
expanding,2026-02,naive,5,997181.74,841882.84,-155298.9,0.1557378096
expanding,2026-02,naive,6,1031192.8,841882.84,-189309.96,0.1835834773
expanding,2026-02,drift,1,859142.06,860000.7655,858.7055172,0.0009994918852
expanding,2026-02,drift,2,889938.42,878118.691,-11819.72897,0.0132815133
expanding,2026-02,drift,3,925608.14,896236.6166,-29371.52345,0.03173213607
expanding,2026-02,drift,4,968801.82,914354.5421,-54447.27793,0.05620063547
expanding,2026-02,drift,5,997181.74,932472.4676,-64709.27241,0.06489215538
expanding,2026-02,drift,6,1031192.8,950590.3931,-80602.4069,0.07816424523
expanding,2026-02,log_linear,1,859142.06,781340.4315,-77801.62851,0.09055735033
expanding,2026-02,log_linear,2,889938.42,807501.278,-82437.14198,0.09263241155
expanding,2026-02,log_linear,3,925608.14,834538.0422,-91070.09777,0.09838947372
expanding,2026-02,log_linear,4,968801.82,862480.0516,-106321.7684,0.1097456324
expanding,2026-02,log_linear,5,997181.74,891357.6155,-105824.1245,0.1061232073
expanding,2026-02,log_linear,6,1031192.8,921202.0583,-109990.7417,0.1066636052
expanding,2026-02,holt,1,859142.06,881517.1608,22375.10083,0.02604354026
expanding,2026-02,holt,2,889938.42,921151.4817,31213.06165,0.03507328255
expanding,2026-02,holt,3,925608.14,960785.8025,35177.66248,0.0380049191
expanding,2026-02,holt,4,968801.82,1000420.123,31618.30331,0.0326365028
expanding,2026-02,holt,5,997181.74,1040054.444,42872.70413,0.04299387204
expanding,2026-02,holt,6,1031192.8,1079688.765,48495.96496,0.04702899881
expanding,2026-02,driver_nrr,1,859142.06,880546.0568,21403.99683,0.02491322196
expanding,2026-02,driver_nrr,2,889938.42,919376.993,29438.57297,0.03307933708
expanding,2026-02,driver_nrr,3,925608.14,958376.376,32768.23598,0.03540184508
expanding,2026-02,driver_nrr,4,968801.82,997544.9366,28743.11657,0.02966872685
expanding,2026-02,driver_nrr,5,997181.74,1036883.409,39701.66863,0.03981387448
expanding,2026-02,driver_nrr,6,1031192.8,1076392.529,45199.72922,0.04383247169
expanding,2026-03,naive,1,889938.42,859142.06,-30796.36,0.03460504604
expanding,2026-03,naive,2,925608.14,859142.06,-66466.08,0.07180801154
expanding,2026-03,naive,3,968801.82,859142.06,-109659.76,0.1131911168
expanding,2026-03,naive,4,997181.74,859142.06,-138039.68,0.1384298112
expanding,2026-03,naive,5,1031192.8,859142.06,-172050.74,0.1668463356
expanding,2026-03,drift,1,889938.42,877231.362,-12707.058,0.01427858121
expanding,2026-03,drift,2,925608.14,895320.664,-30287.476,0.03272170446
expanding,2026-03,drift,3,968801.82,913409.966,-55391.854,0.05717562958
expanding,2026-03,drift,4,997181.74,931499.268,-65682.472,0.06586810545
expanding,2026-03,drift,5,1031192.8,949588.57,-81604.23,0.07913576394
expanding,2026-03,log_linear,1,889938.42,817452.5111,-72485.9089,0.0814504771
expanding,2026-03,log_linear,2,925608.14,845307.6424,-80300.49761,0.08675431227
expanding,2026-03,log_linear,3,968801.82,874111.9522,-94689.86784,0.09773915148
expanding,2026-03,log_linear,4,997181.74,903897.7842,-93283.95582,0.09354759727
expanding,2026-03,log_linear,5,1031192.8,934698.5844,-96494.21565,0.09357533882
expanding,2026-03,holt,1,889938.42,905486.4943,15548.0743,0.01747095524
expanding,2026-03,holt,2,925608.14,945324.7616,19716.6216,0.02130126211
expanding,2026-03,holt,3,968801.82,985163.0289,16361.20891,0.01688808647
expanding,2026-03,holt,4,997181.74,1025001.296,27819.55621,0.02789818054
expanding,2026-03,holt,5,1031192.8,1064839.564,33646.76351,0.03262897444
expanding,2026-03,driver_nrr,1,889938.42,891452.1629,1513.742888,0.001700952396
expanding,2026-03,driver_nrr,2,925608.14,923894.2027,-1713.937313,0.001851687814
expanding,2026-03,driver_nrr,3,968801.82,956468.7182,-12333.10184,0.01273026288
expanding,2026-03,driver_nrr,4,997181.74,989176.2503,-8005.489744,0.008028115059
expanding,2026-03,driver_nrr,5,1031192.8,1022017.342,-9175.457848,0.008897907208
expanding,2026-04,naive,1,925608.14,889938.42,-35669.72,0.03853652367
expanding,2026-04,naive,2,968801.82,889938.42,-78863.4,0.08140302627
expanding,2026-04,naive,3,997181.74,889938.42,-107243.32,0.1075464138
expanding,2026-04,naive,4,1031192.8,889938.42,-141254.38,0.1369815422
expanding,2026-04,drift,1,925608.14,908437.6271,-17170.5129,0.01855052064
expanding,2026-04,drift,2,968801.82,926936.8342,-41864.98581,0.04321315768
expanding,2026-04,drift,3,997181.74,945436.0413,-51745.69871,0.0518919437
expanding,2026-04,drift,4,1031192.8,963935.2484,-67257.55161,0.06522306169
expanding,2026-04,log_linear,1,925608.14,854332.5897,-71275.55031,0.07700402279
expanding,2026-04,log_linear,2,968801.82,883870.9923,-84930.82769,0.08766584242
expanding,2026-04,log_linear,3,997181.74,914430.6801,-82751.05986,0.08298493298
expanding,2026-04,log_linear,4,1031192.8,946046.9639,-85145.83607,0.08257023912
expanding,2026-04,holt,1,925608.14,922002.8884,-3605.251608,0.003895008538
expanding,2026-04,holt,2,968801.82,954067.3568,-14734.46322,0.01520895493
expanding,2026-04,holt,3,997181.74,986131.8252,-11049.91482,0.01108114437
expanding,2026-04,holt,4,1031192.8,1018196.294,-12996.50643,0.01260337197
expanding,2026-04,driver_nrr,1,925608.14,924100.5739,-1507.566133,0.001628730419
expanding,2026-04,driver_nrr,2,968801.82,958353.4615,-10448.35845,0.01078482538
expanding,2026-04,driver_nrr,3,997181.74,992697.324,-4484.415972,0.00449708994
expanding,2026-04,driver_nrr,4,1031192.8,1027132.403,-4060.397063,0.003937573132
expanding,2026-05,naive,1,968801.82,925608.14,-43193.68,0.04458463961
expanding,2026-05,naive,2,997181.74,925608.14,-71573.6,0.0717758831
expanding,2026-05,naive,3,1031192.8,925608.14,-105584.66,0.1023908041
expanding,2026-05,drift,1,968801.82,944643.9256,-24157.89437,0.02493584743
expanding,2026-05,drift,2,997181.74,963679.7113,-33502.02875,0.03359671302
expanding,2026-05,drift,3,1031192.8,982715.4969,-48477.30313,0.04701090148
expanding,2026-05,log_linear,1,968801.82,892497.66,-76304.16,0.07876137145
expanding,2026-05,log_linear,2,997181.74,923751.3605,-73430.3795,0.07363791028
expanding,2026-05,log_linear,3,1031192.8,956099.5107,-75093.2893,0.07282177426
expanding,2026-05,holt,1,968801.82,958575.1461,-10226.67395,0.010556002
expanding,2026-05,holt,2,997181.74,991806.0009,-5375.739105,0.005390932153
expanding,2026-05,holt,3,1031192.8,1025036.856,-6155.944261,0.005969731617
expanding,2026-05,driver_nrr,1,968801.82,963399.9513,-5401.868655,0.005575824222
expanding,2026-05,driver_nrr,2,997181.74,1001342.918,4161.178182,0.004172938608
expanding,2026-05,driver_nrr,3,1031192.8,1039437.645,8244.845085,0.007995444776
expanding,2026-06,naive,1,997181.74,968801.82,-28379.92,0.02846012804
expanding,2026-06,naive,2,1031192.8,968801.82,-62390.98,0.06050370018
expanding,2026-06,drift,1,997181.74,988569.663,-8612.07697,0.008636416637
expanding,2026-06,drift,2,1031192.8,1008337.506,-22855.29394,0.02216393863
expanding,2026-06,log_linear,1,997181.74,932709.9375,-64471.80248,0.06465401431
expanding,2026-06,log_linear,2,1031192.8,965771.1885,-65421.61145,0.06344265733
expanding,2026-06,holt,1,997181.74,1001742.178,4560.437967,0.004573326791
expanding,2026-06,holt,2,1031192.8,1037507.511,6314.710639,0.006123695432
expanding,2026-06,driver_nrr,1,997181.74,1006879.707,9697.967147,0.009725375785
expanding,2026-06,driver_nrr,2,1031192.8,1045073.491,13880.69111,0.01346081073
expanding,2026-07,naive,1,1031192.8,997181.74,-34011.06,0.03298225123
expanding,2026-07,drift,1,1031192.8,1017202.879,-13989.92059,0.0135667361
expanding,2026-07,log_linear,1,1031192.8,973176.6903,-58016.10971,0.0562611664
expanding,2026-07,holt,1,1031192.8,1033302.235,2109.43461,0.002045625814
expanding,2026-07,driver_nrr,1,1031192.8,1031417.826,225.0257259,0.0002182188684
rolling_24,2025-02,naive,1,498475.36,478380.1,-20095.26,0.04031344699
rolling_24,2025-02,naive,2,509179.7,478380.1,-30799.6,0.06048866441
rolling_24,2025-02,naive,3,558484.2,478380.1,-80104.1,0.1434312734
rolling_24,2025-02,naive,4,578659.14,478380.1,-100279.04,0.1732955259
rolling_24,2025-02,naive,5,590750.04,478380.1,-112369.94,0.1902157129
rolling_24,2025-02,naive,6,611621.18,478380.1,-133241.08,0.2178490287
rolling_24,2025-02,drift,1,498475.36,487904.6353,-10570.72471,0.02120611279
rolling_24,2025-02,drift,2,509179.7,497429.1706,-11750.52941,0.02307737212
rolling_24,2025-02,drift,3,558484.2,506953.7059,-51530.49412,0.09226849053
rolling_24,2025-02,drift,4,578659.14,516478.2412,-62180.89882,0.107456868
rolling_24,2025-02,drift,5,590750.04,526002.7765,-64747.26353,0.1096017929
rolling_24,2025-02,drift,6,611621.18,535527.3118,-76093.86824,0.1244133963
rolling_24,2025-02,log_linear,1,498475.36,477613.0129,-20862.34714,0.04185231371
rolling_24,2025-02,log_linear,2,509179.7,489078.3086,-20101.39135,0.03947799049
rolling_24,2025-02,log_linear,3,558484.2,500818.8336,-57665.36645,0.1032533534
rolling_24,2025-02,log_linear,4,578659.14,512841.1946,-65817.94544,0.1137421686
rolling_24,2025-02,log_linear,5,590750.04,525152.1573,-65597.88274,0.1110416899
rolling_24,2025-02,log_linear,6,611621.18,537758.6497,-73862.53034,0.1207651611
rolling_24,2025-02,holt,1,498475.36,495062.2465,-3413.113529,0.006847105802
rolling_24,2025-02,holt,2,509179.7,511744.3929,2564.692941,0.005036911215
rolling_24,2025-02,holt,3,558484.2,528426.5394,-30057.66059,0.05382007331
rolling_24,2025-02,holt,4,578659.14,545108.6859,-33550.45412,0.0579796495
rolling_24,2025-02,holt,5,590750.04,561790.8324,-28959.20765,0.04902108453
rolling_24,2025-02,holt,6,611621.18,578472.9788,-33148.20118,0.05419727482
rolling_24,2025-02,driver_nrr,1,498475.36,491484.3965,-6990.963476,0.01402469217
rolling_24,2025-02,driver_nrr,2,509179.7,504577.1276,-4602.572399,0.009039190681
rolling_24,2025-02,driver_nrr,3,558484.2,517658.3034,-40825.89656,0.07310125615
rolling_24,2025-02,driver_nrr,4,578659.14,530727.9342,-47931.20576,0.08283150209
rolling_24,2025-02,driver_nrr,5,590750.04,543786.0302,-46964.00982,0.07949895326
rolling_24,2025-02,driver_nrr,6,611621.18,556832.6015,-54788.57855,0.08957926955
rolling_24,2025-03,naive,1,509179.7,498475.36,-10704.34,0.02102271556
rolling_24,2025-03,naive,2,558484.2,498475.36,-60008.84,0.1074494856
rolling_24,2025-03,naive,3,578659.14,498475.36,-80183.78,0.1385682424
rolling_24,2025-03,naive,4,590750.04,498475.36,-92274.68,0.1561991938
rolling_24,2025-03,naive,5,611621.18,498475.36,-113145.82,0.1849932993
rolling_24,2025-03,naive,6,666924.5,498475.36,-168449.14,0.2525760262
rolling_24,2025-03,drift,1,509179.7,508587.1578,-592.5422222,0.001163719257
rolling_24,2025-03,drift,2,558484.2,518698.9556,-39785.24444,0.07123790511
rolling_24,2025-03,drift,3,578659.14,528810.7533,-49848.38667,0.08614464582
rolling_24,2025-03,drift,4,590750.04,538922.5511,-51827.48889,0.08773167225
rolling_24,2025-03,drift,5,611621.18,549034.3489,-62586.83111,0.1023294045
rolling_24,2025-03,drift,6,666924.5,559146.1467,-107778.3533,0.1616050293
rolling_24,2025-03,log_linear,1,509179.7,493500.2289,-15679.47111,0.03079359038
rolling_24,2025-03,log_linear,2,558484.2,505688.1549,-52796.04513,0.09453453675
rolling_24,2025-03,log_linear,3,578659.14,518177.0848,-60482.05515,0.1045210401
rolling_24,2025-03,log_linear,4,590750.04,530974.4527,-59775.58732,0.1011859217
rolling_24,2025-03,log_linear,5,611621.18,544087.8758,-67533.30416,0.1104168828
rolling_24,2025-03,log_linear,6,666924.5,557525.1599,-109399.3401,0.1640355694
rolling_24,2025-03,holt,1,509179.7,517631.8121,8452.112129,0.01659946799
rolling_24,2025-03,holt,2,558484.2,536788.2643,-21695.93574,0.03884789532
rolling_24,2025-03,holt,3,578659.14,555944.7164,-22714.42361,0.03925354676
rolling_24,2025-03,holt,4,590750.04,575101.1685,-15648.87148,0.02648983567
rolling_24,2025-03,holt,5,611621.18,594257.6206,-17363.55935,0.02838940168
rolling_24,2025-03,holt,6,666924.5,613414.0728,-53510.42722,0.0802346101
rolling_24,2025-03,driver_nrr,1,509179.7,513197.5141,4017.814093,0.007890758593
rolling_24,2025-03,driver_nrr,2,558484.2,527915.4247,-30568.77529,0.05473525534
rolling_24,2025-03,driver_nrr,3,578659.14,542629.0931,-36030.04692,0.06226471585
rolling_24,2025-03,driver_nrr,4,590750.04,557338.5204,-33411.51959,0.05655779488
rolling_24,2025-03,driver_nrr,5,611621.18,572043.7079,-39577.47206,0.0647091261
rolling_24,2025-03,driver_nrr,6,666924.5,586744.6569,-80179.84312,0.1202232683
rolling_24,2025-04,naive,1,558484.2,509179.7,-49304.5,0.08828271238
rolling_24,2025-04,naive,2,578659.14,509179.7,-69479.44,0.1200697184
rolling_24,2025-04,naive,3,590750.04,509179.7,-81570.34,0.1380792797
rolling_24,2025-04,naive,4,611621.18,509179.7,-102441.48,0.1674917144
rolling_24,2025-04,naive,5,666924.5,509179.7,-157744.8,0.2365257237
rolling_24,2025-04,naive,6,686898.22,509179.7,-177718.52,0.2587261327
rolling_24,2025-04,drift,1,558484.2,519322.6842,-39161.51579,0.07012108094
rolling_24,2025-04,drift,2,578659.14,529465.6684,-49193.47158,0.0850128654
rolling_24,2025-04,drift,3,590750.04,539608.6526,-51141.38737,0.08657026476
rolling_24,2025-04,drift,4,611621.18,549751.6368,-61869.54316,0.1011566394
rolling_24,2025-04,drift,5,666924.5,559894.6211,-107029.8789,0.1604827517
rolling_24,2025-04,drift,6,686898.22,570037.6053,-116860.6147,0.1701279918
rolling_24,2025-04,log_linear,1,558484.2,508861.4199,-49622.78011,0.08885261232
rolling_24,2025-04,log_linear,2,578659.14,521661.7586,-56997.38142,0.09849906013
rolling_24,2025-04,log_linear,3,590750.04,534784.088,-55965.95198,0.09473711078
rolling_24,2025-04,log_linear,4,611621.18,548236.5078,-63384.67216,0.1036338738
rolling_24,2025-04,log_linear,5,666924.5,562027.3214,-104897.1786,0.1572849379
rolling_24,2025-04,log_linear,6,686898.22,576165.041,-110733.179,0.1612075498
rolling_24,2025-04,holt,1,558484.2,524036.254,-34447.94598,0.0616811469
rolling_24,2025-04,holt,2,578659.14,538892.808,-39766.33196,0.06872151361
rolling_24,2025-04,holt,3,590750.04,553749.3621,-37000.67795,0.06263339051
rolling_24,2025-04,holt,4,611621.18,568605.9161,-43015.26393,0.07032991227
rolling_24,2025-04,holt,5,666924.5,583462.4701,-83462.02991,0.1251446452
rolling_24,2025-04,holt,6,686898.22,598319.0241,-88579.19589,0.1289553435
rolling_24,2025-04,driver_nrr,1,558484.2,523442.6198,-35041.58021,0.06274408516
rolling_24,2025-04,driver_nrr,2,578659.14,537710.3647,-40948.77534,0.07076493311
rolling_24,2025-04,driver_nrr,3,590750.04,551982.9362,-38767.10375,0.06562353132
rolling_24,2025-04,driver_nrr,4,611621.18,566260.3362,-45360.84382,0.07416493298
rolling_24,2025-04,driver_nrr,5,666924.5,580542.5661,-86381.93392,0.1295228079
rolling_24,2025-04,driver_nrr,6,686898.22,594829.6276,-92068.5924,0.1340352759
rolling_24,2025-05,naive,1,578659.14,558484.2,-20174.94,0.03486498114
rolling_24,2025-05,naive,2,590750.04,558484.2,-32265.84,0.0546184305
rolling_24,2025-05,naive,3,611621.18,558484.2,-53136.98,0.08687890763
rolling_24,2025-05,naive,4,666924.5,558484.2,-108440.3,0.1625975654
rolling_24,2025-05,naive,5,686898.22,558484.2,-128414.02,0.1869476674
rolling_24,2025-05,naive,6,701693.54,558484.2,-143209.34,0.2040910053
rolling_24,2025-05,drift,1,578659.14,570585.26,-8073.88,0.01395273909
rolling_24,2025-05,drift,2,590750.04,582686.32,-8063.72,0.01364996945
rolling_24,2025-05,drift,3,611621.18,594787.38,-16833.8,0.02752324568
rolling_24,2025-05,drift,4,666924.5,606888.44,-60036.06,0.09001927505
rolling_24,2025-05,drift,5,686898.22,618989.5,-67908.72,0.09886285628
rolling_24,2025-05,drift,6,701693.54,631090.56,-70602.98,0.1006179706
rolling_24,2025-05,log_linear,1,578659.14,530990.0756,-47669.06435,0.08237848684
rolling_24,2025-05,log_linear,2,590750.04,545005.2711,-45744.76885,0.07743506687
rolling_24,2025-05,log_linear,3,611621.18,559390.3901,-52230.78986,0.08539728768
rolling_24,2025-05,log_linear,4,666924.5,574155.1966,-92769.30344,0.1391001582
rolling_24,2025-05,log_linear,5,686898.22,589309.7121,-97588.50794,0.142071278
rolling_24,2025-05,log_linear,6,701693.54,604864.2228,-96829.31722,0.1379937419
rolling_24,2025-05,holt,1,578659.14,578964.7075,305.5674829,0.0005280612743
rolling_24,2025-05,holt,2,590750.04,608575.2745,17825.23446,0.03017390309
rolling_24,2025-05,holt,3,611621.18,638185.8414,26564.66143,0.04343319411
rolling_24,2025-05,holt,4,666924.5,667796.4084,871.9084085,0.001307356993
rolling_24,2025-05,holt,5,686898.22,697406.9754,10508.75538,0.01529885371
rolling_24,2025-05,holt,6,701693.54,727017.5424,25324.00236,0.03608983255
rolling_24,2025-05,driver_nrr,1,578659.14,579229.9996,570.8596382,0.000986521423
rolling_24,2025-05,driver_nrr,2,590750.04,599958.9335,9208.89346,0.01558847708
rolling_24,2025-05,driver_nrr,3,611621.18,620671.0152,9049.835176,0.0147964712
rolling_24,2025-05,driver_nrr,4,666924.5,641366.2585,-25558.24151,0.03832254102
rolling_24,2025-05,driver_nrr,5,686898.22,662044.6771,-24853.54292,0.03618227882
rolling_24,2025-05,driver_nrr,6,701693.54,682706.2846,-18987.25536,0.02705918506
rolling_24,2025-06,naive,1,590750.04,578659.14,-12090.9,0.02046703205
rolling_24,2025-06,naive,2,611621.18,578659.14,-32962.04,0.05389290149
rolling_24,2025-06,naive,3,666924.5,578659.14,-88265.36,0.1323468549
rolling_24,2025-06,naive,4,686898.22,578659.14,-108239.08,0.1575765912
rolling_24,2025-06,naive,5,701693.54,578659.14,-123034.4,0.1753392229
rolling_24,2025-06,naive,6,741832.2,578659.14,-163173.06,0.2199595272
rolling_24,2025-06,drift,1,590750.04,591144.6705,394.6304762,0.0006680159957
rolling_24,2025-06,drift,2,611621.18,603630.201,-7990.979048,0.01306524252
rolling_24,2025-06,drift,3,666924.5,616115.7314,-50808.76857,0.07618368882
rolling_24,2025-06,drift,4,686898.22,628601.2619,-58296.9581,0.08486986339
rolling_24,2025-06,drift,5,701693.54,641086.7924,-60606.74762,0.08637210429
rolling_24,2025-06,drift,6,741832.2,653572.3229,-88259.87714,0.1189755273
rolling_24,2025-06,log_linear,1,590750.04,553591.1536,-37158.88644,0.06290120003
rolling_24,2025-06,log_linear,2,611621.18,568782.4195,-42838.76051,0.07004132935
rolling_24,2025-06,log_linear,3,666924.5,584390.5536,-82533.94635,0.123753058
rolling_24,2025-06,log_linear,4,686898.22,600426.9954,-86471.22457,0.1258865172
rolling_24,2025-06,log_linear,5,701693.54,616903.4982,-84790.04183,0.1208362868
rolling_24,2025-06,log_linear,6,741832.2,633832.1377,-108000.0623,0.1455855681
rolling_24,2025-06,holt,1,590750.04,608233.0389,17482.99888,0.02959457925
rolling_24,2025-06,holt,2,611621.18,637715.2675,26094.08751,0.04266380623
rolling_24,2025-06,holt,3,666924.5,667197.4961,272.9961421,0.0004093359025
rolling_24,2025-06,holt,4,686898.22,696679.7248,9781.504775,0.01424010791
rolling_24,2025-06,holt,5,701693.54,726161.9534,24468.41341,0.03487051257
rolling_24,2025-06,holt,6,741832.2,755644.182,13811.98204,0.0186187416
rolling_24,2025-06,driver_nrr,1,590750.04,601674.7336,10924.69361,0.01849292064
rolling_24,2025-06,driver_nrr,2,611621.18,624688.0439,13066.86394,0.02136430909
rolling_24,2025-06,driver_nrr,3,666924.5,647699.0712,-19225.42879,0.02882699435
rolling_24,2025-06,driver_nrr,4,686898.22,670707.8157,-16190.40435,0.02357031053
rolling_24,2025-06,driver_nrr,5,701693.54,693714.2775,-7979.262509,0.01137143504
rolling_24,2025-06,driver_nrr,6,741832.2,716718.457,-25113.74305,0.03385367074
rolling_24,2025-07,naive,1,611621.18,590750.04,-20871.14,0.03412429243
rolling_24,2025-07,naive,2,666924.5,590750.04,-76174.46,0.1142175164
rolling_24,2025-07,naive,3,686898.22,590750.04,-96148.18,0.1399744201
rolling_24,2025-07,naive,4,701693.54,590750.04,-110943.5,0.1581081964
rolling_24,2025-07,naive,5,741832.2,590750.04,-151082.16,0.2036608279
rolling_24,2025-07,naive,6,790963.62,590750.04,-200213.58,0.2531261552
rolling_24,2025-07,drift,1,611621.18,603217.6327,-8403.547273,0.01373979114
rolling_24,2025-07,drift,2,666924.5,615685.2255,-51239.27455,0.07682919813
rolling_24,2025-07,drift,3,686898.22,628152.8182,-58745.40182,0.08552271662
rolling_24,2025-07,drift,4,701693.54,640620.4109,-61073.12909,0.08703675552
rolling_24,2025-07,drift,5,741832.2,653088.0036,-88744.19636,0.1196283962
rolling_24,2025-07,drift,6,790963.62,665555.5964,-125408.0236,0.1585509377
rolling_24,2025-07,log_linear,1,611621.18,575245.2675,-36375.9125,0.05947457951
rolling_24,2025-07,log_linear,2,666924.5,591448.2593,-75476.2407,0.1131705923
rolling_24,2025-07,log_linear,3,686898.22,608107.6424,-78790.57758,0.1147048795
rolling_24,2025-07,log_linear,4,701693.54,625236.2721,-76457.26793,0.1089610543
rolling_24,2025-07,log_linear,5,741832.2,642847.3656,-98984.83444,0.1334329171
rolling_24,2025-07,log_linear,6,790963.62,660954.5125,-130009.1075,0.164367999
rolling_24,2025-07,holt,1,611621.18,612961.4026,1340.222625,0.002191262613
rolling_24,2025-07,holt,2,666924.5,633855.466,-33069.03402,0.04958437428
rolling_24,2025-07,holt,3,686898.22,654749.5293,-32148.69067,0.04680269905
rolling_24,2025-07,holt,4,701693.54,675643.5927,-26049.94732,0.03712439382
rolling_24,2025-07,holt,5,741832.2,696537.656,-45294.54396,0.06105766771
rolling_24,2025-07,holt,6,790963.62,717431.7194,-73531.90061,0.09296495914
rolling_24,2025-07,driver_nrr,1,611621.18,613018.6282,1397.448223,0.002284826407
rolling_24,2025-07,driver_nrr,2,666924.5,635219.8203,-31704.67969,0.04753863397
rolling_24,2025-07,driver_nrr,3,686898.22,657353.8202,-29544.39977,0.0430113209
rolling_24,2025-07,driver_nrr,4,701693.54,679420.8313,-22272.70865,0.03174136198
rolling_24,2025-07,driver_nrr,5,741832.2,701421.0564,-40411.1436,0.05447477691
rolling_24,2025-07,driver_nrr,6,790963.62,723354.6975,-67608.92248,0.08547665249
rolling_24,2025-08,naive,1,666924.5,611621.18,-55303.32,0.08292290956
rolling_24,2025-08,naive,2,686898.22,611621.18,-75277.04,0.1095898021
rolling_24,2025-08,naive,3,701693.54,611621.18,-90072.36,0.1283642429
rolling_24,2025-08,naive,4,741832.2,611621.18,-130211.02,0.1755262443
rolling_24,2025-08,naive,5,790963.62,611621.18,-179342.44,0.2267391767
rolling_24,2025-08,naive,6,841882.84,611621.18,-230261.66,0.2735079622
rolling_24,2025-08,drift,1,666924.5,624454.1443,-42470.35565,0.06368090489
rolling_24,2025-08,drift,2,686898.22,637287.1087,-49611.1113,0.07222483602
rolling_24,2025-08,drift,3,701693.54,650120.073,-51573.46696,0.07349856314
rolling_24,2025-08,drift,4,741832.2,662953.0374,-78879.16261,0.1063301952
rolling_24,2025-08,drift,5,790963.62,675786.0017,-115177.6183,0.1456168341
rolling_24,2025-08,drift,6,841882.84,688618.9661,-153263.8739,0.1820489344
rolling_24,2025-08,log_linear,1,666924.5,597523.5155,-69400.98449,0.1040612311
rolling_24,2025-08,log_linear,2,686898.22,614730.8375,-72167.38249,0.1050627013
rolling_24,2025-08,log_linear,3,701693.54,632433.6913,-69259.84865,0.09870384249
rolling_24,2025-08,log_linear,4,741832.2,650646.3472,-91185.85277,0.1229197826
rolling_24,2025-08,log_linear,5,790963.62,669383.4863,-121580.1337,0.1537114105
rolling_24,2025-08,log_linear,6,841882.84,688660.2125,-153222.6275,0.1819999414
rolling_24,2025-08,holt,1,666924.5,632227.0955,-34697.40451,0.05202598572
rolling_24,2025-08,holt,2,686898.22,652698.9887,-34199.23129,0.04978791659
rolling_24,2025-08,holt,3,701693.54,673170.8819,-28522.65806,0.04064831217
rolling_24,2025-08,holt,4,741832.2,693642.7752,-48189.42483,0.0649600069
rolling_24,2025-08,holt,5,790963.62,714114.6684,-76848.95161,0.09715864253
rolling_24,2025-08,holt,6,841882.84,734586.5616,-107296.2784,0.1274479931
rolling_24,2025-08,driver_nrr,1,666924.5,633339.2435,-33585.25647,0.0503584086
rolling_24,2025-08,driver_nrr,2,686898.22,655064.8254,-31833.39462,0.04634368483
rolling_24,2025-08,driver_nrr,3,701693.54,676797.9282,-24895.61183,0.03547932311
rolling_24,2025-08,driver_nrr,4,741832.2,698538.5545,-43293.6455,0.05836042909
rolling_24,2025-08,driver_nrr,5,790963.62,720286.707,-70676.91304,0.08935545359
rolling_24,2025-08,driver_nrr,6,841882.84,742042.3882,-99840.45182,0.1185918599
rolling_24,2025-09,naive,1,686898.22,666924.5,-19973.72,0.0290781362
rolling_24,2025-09,naive,2,701693.54,666924.5,-34769.04,0.04955017827
rolling_24,2025-09,naive,3,741832.2,666924.5,-74907.7,0.100976609
rolling_24,2025-09,naive,4,790963.62,666924.5,-124039.12,0.1568202593
rolling_24,2025-09,naive,5,841882.84,666924.5,-174958.34,0.2078179192
rolling_24,2025-09,naive,6,859142.06,666924.5,-192217.56,0.2237319868
rolling_24,2025-09,drift,1,686898.22,682070.2609,-4827.95913,0.00702863829
rolling_24,2025-09,drift,2,701693.54,697216.0217,-4477.518261,0.006381016791
rolling_24,2025-09,drift,3,741832.2,712361.7826,-29470.41739,0.03972652763
rolling_24,2025-09,drift,4,790963.62,727507.5435,-63456.07652,0.0802262897
rolling_24,2025-09,drift,5,841882.84,742653.3043,-99229.53565,0.1178662053
rolling_24,2025-09,drift,6,859142.06,757799.0652,-101342.9948,0.1179583674
rolling_24,2025-09,log_linear,1,686898.22,628799.3856,-58098.83436,0.08458143094
rolling_24,2025-09,log_linear,2,701693.54,647941.0514,-53752.48856,0.07660393819
rolling_24,2025-09,log_linear,3,741832.2,667665.4204,-74166.77964,0.09997783817
rolling_24,2025-09,log_linear,4,790963.62,687990.2308,-102973.3892,0.1301872634
rolling_24,2025-09,log_linear,5,841882.84,708933.7613,-132949.0787,0.1579187417
rolling_24,2025-09,log_linear,6,859142.06,730514.8465,-128627.2135,0.1497158846
rolling_24,2025-09,holt,1,686898.22,683282.3547,-3615.865329,0.005264048186
rolling_24,2025-09,holt,2,701693.54,713377.1312,11683.59123,0.01665056119
rolling_24,2025-09,holt,3,741832.2,743471.9078,1639.707783,0.002210348624
rolling_24,2025-09,holt,4,790963.62,773566.6843,-17396.93566,0.02199460913
rolling_24,2025-09,holt,5,841882.84,803661.4609,-38221.37911,0.04539987904
rolling_24,2025-09,holt,6,859142.06,833756.2375,-25385.82255,0.02954787541
rolling_24,2025-09,driver_nrr,1,686898.22,694583.9688,7685.748841,0.01118906501
rolling_24,2025-09,driver_nrr,2,701693.54,722268.0092,20574.46924,0.02932116097
rolling_24,2025-09,driver_nrr,3,741832.2,749976.643,8144.443023,0.01097882112
rolling_24,2025-09,driver_nrr,4,790963.62,777709.892,-13253.72796,0.01675643181
rolling_24,2025-09,driver_nrr,5,841882.84,805467.7782,-36415.06184,0.04325431059
rolling_24,2025-09,driver_nrr,6,859142.06,833250.3233,-25891.73674,0.03013673517
rolling_24,2025-10,naive,1,701693.54,686898.22,-14795.32,0.0210851592
rolling_24,2025-10,naive,2,741832.2,686898.22,-54933.98,0.07405175995
rolling_24,2025-10,naive,3,790963.62,686898.22,-104065.4,0.1315678716
rolling_24,2025-10,naive,4,841882.84,686898.22,-154984.62,0.1840928602
rolling_24,2025-10,naive,5,859142.06,686898.22,-172243.84,0.2004835382
rolling_24,2025-10,naive,6,889938.42,686898.22,-203040.2,0.2281508422
rolling_24,2025-10,drift,1,701693.54,702544.4035,850.8634783,0.001212585594
rolling_24,2025-10,drift,2,741832.2,718190.587,-23641.61304,0.03186921927
rolling_24,2025-10,drift,3,790963.62,733836.7704,-57126.84957,0.07222437053
rolling_24,2025-10,drift,4,841882.84,749482.9539,-92399.88609,0.1097538537
rolling_24,2025-10,drift,5,859142.06,765129.1374,-94012.92261,0.1094265163
rolling_24,2025-10,drift,6,889938.42,780775.3209,-109163.0991,0.1226636548
rolling_24,2025-10,log_linear,1,701693.54,660021.1465,-41672.39352,0.05938831006
rolling_24,2025-10,log_linear,2,741832.2,681008.6284,-60823.57164,0.08199101042
rolling_24,2025-10,log_linear,3,790963.62,702663.4743,-88300.1457,0.1116361656
rolling_24,2025-10,log_linear,4,841882.84,725006.9053,-116875.9347,0.1388268405
rolling_24,2025-10,log_linear,5,859142.06,748060.8171,-111081.2429,0.1292932195
rolling_24,2025-10,log_linear,6,889938.42,771847.8017,-118090.6183,0.1326952694
rolling_24,2025-10,holt,1,701693.54,717340.0542,15646.51425,0.02229821618
rolling_24,2025-10,holt,2,741832.2,748385.311,6553.110973,0.008833683646
rolling_24,2025-10,holt,3,790963.62,779430.5677,-11533.0523,0.01458101486
rolling_24,2025-10,holt,4,841882.84,810475.8244,-31407.01557,0.03730568445
rolling_24,2025-10,holt,5,859142.06,841521.0812,-17620.97885,0.02050997113
rolling_24,2025-10,holt,6,889938.42,872566.3379,-17372.08212,0.01952054404
rolling_24,2025-10,driver_nrr,1,701693.54,715912.8354,14219.29544,0.02026425303
rolling_24,2025-10,driver_nrr,2,741832.2,744978.6437,3146.443667,0.004241449302
rolling_24,2025-10,driver_nrr,3,790963.62,774095.735,-16867.88501,0.02132574063
rolling_24,2025-10,driver_nrr,4,841882.84,803264.1999,-38618.6401,0.04587175111
rolling_24,2025-10,driver_nrr,5,859142.06,832484.129,-26657.93097,0.03102854838
rolling_24,2025-10,driver_nrr,6,889938.42,861755.6132,-28182.80681,0.03166826623
rolling_24,2025-11,naive,1,741832.2,701693.54,-40138.66,0.05410746527
rolling_24,2025-11,naive,2,790963.62,701693.54,-89270.08,0.1128624348
rolling_24,2025-11,naive,3,841882.84,701693.54,-140189.3,0.1665187759
rolling_24,2025-11,naive,4,859142.06,701693.54,-157448.52,0.1832624979
rolling_24,2025-11,naive,5,889938.42,701693.54,-188244.88,0.2115257368
rolling_24,2025-11,naive,6,925608.14,701693.54,-223914.6,0.2419107939
rolling_24,2025-11,drift,1,741832.2,717914.1722,-23918.02783,0.0322418302
rolling_24,2025-11,drift,2,790963.62,734134.8043,-56828.81565,0.07184757202
rolling_24,2025-11,drift,3,841882.84,750355.4365,-91527.40348,0.1087175069
rolling_24,2025-11,drift,4,859142.06,766576.0687,-92565.9913,0.1077423579
rolling_24,2025-11,drift,5,889938.42,782796.7009,-107141.7191,0.1203922841
rolling_24,2025-11,drift,6,925608.14,799017.333,-126590.807,0.1367650105
rolling_24,2025-11,log_linear,1,741832.2,691181.1356,-50651.06436,0.06827833081
rolling_24,2025-11,log_linear,2,790963.62,713976.9476,-76986.67241,0.09733276027
rolling_24,2025-11,log_linear,3,841882.84,737524.5871,-104358.2529,0.1239581661
rolling_24,2025-11,log_linear,4,859142.06,761848.8502,-97293.20978,0.1132446126
rolling_24,2025-11,log_linear,5,889938.42,786975.3507,-102963.0693,0.1156968471
rolling_24,2025-11,log_linear,6,925608.14,812930.547,-112677.593,0.1217335804
rolling_24,2025-11,holt,1,741832.2,736071.3747,-5760.825267,0.007765671626
rolling_24,2025-11,holt,2,790963.62,762995.5334,-27968.0866,0.03535951072
rolling_24,2025-11,holt,3,841882.84,789919.6921,-51963.14794,0.0617225408
rolling_24,2025-11,holt,4,859142.06,816843.8507,-42298.20928,0.04923307943
rolling_24,2025-11,holt,5,889938.42,843768.0094,-46170.41062,0.05188045552
rolling_24,2025-11,holt,6,925608.14,870692.168,-54915.97195,0.05932961216
rolling_24,2025-11,driver_nrr,1,741832.2,725024.044,-16808.15599,0.02265762525
rolling_24,2025-11,driver_nrr,2,790963.62,748398.4699,-42565.15011,0.05381429567
rolling_24,2025-11,driver_nrr,3,841882.84,771816.9003,-70065.93968,0.08322528546
rolling_24,2025-11,driver_nrr,4,859142.06,795279.4181,-63862.64185,0.07433304086
rolling_24,2025-11,driver_nrr,5,889938.42,818786.1064,-71152.31364,0.07995195177
rolling_24,2025-11,driver_nrr,6,925608.14,842337.0481,-83271.09187,0.08996365553
rolling_24,2025-12,naive,1,790963.62,741832.2,-49131.42,0.06211590364
rolling_24,2025-12,naive,2,841882.84,741832.2,-100050.64,0.1188415243
rolling_24,2025-12,naive,3,859142.06,741832.2,-117309.86,0.1365430299
rolling_24,2025-12,naive,4,889938.42,741832.2,-148106.22,0.1664229981
rolling_24,2025-12,naive,5,925608.14,741832.2,-183775.94,0.198546158
rolling_24,2025-12,naive,6,968801.82,741832.2,-226969.62,0.2342786887
rolling_24,2025-12,drift,1,790963.62,759302.8174,-31660.80261,0.04002814012
rolling_24,2025-12,drift,2,841882.84,776773.4348,-65109.40522,0.07733784575
rolling_24,2025-12,drift,3,859142.06,794244.0522,-64898.00783,0.07553815701
rolling_24,2025-12,drift,4,889938.42,811714.6696,-78223.75043,0.08789793617
rolling_24,2025-12,drift,5,925608.14,829185.287,-96422.85304,0.1041724342
rolling_24,2025-12,drift,6,968801.82,846655.9043,-122145.9157,0.1260793623
rolling_24,2025-12,log_linear,1,790963.62,724846.4199,-66117.20011,0.08359069677
rolling_24,2025-12,log_linear,2,841882.84,749569.5422,-92313.29779,0.109651003
rolling_24,2025-12,log_linear,3,859142.06,775135.9229,-84006.13715,0.09777909971
rolling_24,2025-12,log_linear,4,889938.42,801574.3238,-88364.09625,0.09929237154
rolling_24,2025-12,log_linear,5,925608.14,828914.4878,-96693.65216,0.1044649976
rolling_24,2025-12,log_linear,6,968801.82,857187.1725,-111614.6475,0.1152089573
rolling_24,2025-12,holt,1,790963.62,768148.2005,-22815.41947,0.02884509337
rolling_24,2025-12,holt,2,841882.84,796996.1157,-44886.7243,0.05331706761
rolling_24,2025-12,holt,3,859142.06,825844.0309,-33298.02913,0.03875730299
rolling_24,2025-12,holt,4,889938.42,854691.946,-35246.47396,0.03960552007
rolling_24,2025-12,holt,5,925608.14,883539.8612,-42068.27879,0.0454493397
rolling_24,2025-12,holt,6,968801.82,912387.7764,-56414.04361,0.05823073662
rolling_24,2025-12,driver_nrr,1,790963.62,768470.988,-22492.63204,0.02843699947
rolling_24,2025-12,driver_nrr,2,841882.84,795179.1334,-46703.70661,0.05547530415
rolling_24,2025-12,driver_nrr,3,859142.06,821956.8169,-37185.24312,0.04328183294
rolling_24,2025-12,driver_nrr,4,889938.42,848804.2195,-41134.20051,0.04622140093
rolling_24,2025-12,driver_nrr,5,925608.14,875721.5227,-49886.61728,0.05389604426
rolling_24,2025-12,driver_nrr,6,968801.82,902708.9086,-66092.91142,0.06822129155
rolling_24,2026-01,naive,1,841882.84,790963.62,-50919.22,0.06048254885
rolling_24,2026-01,naive,2,859142.06,790963.62,-68178.44,0.07935642215
rolling_24,2026-01,naive,3,889938.42,790963.62,-98974.8,0.1112153356
rolling_24,2026-01,naive,4,925608.14,790963.62,-134644.52,0.1454660068
rolling_24,2026-01,naive,5,968801.82,790963.62,-177838.2,0.1835650969
rolling_24,2026-01,naive,6,997181.74,790963.62,-206218.12,0.2068009388
rolling_24,2026-01,drift,1,841882.84,810252.5165,-31630.32348,0.03757093265
rolling_24,2026-01,drift,2,859142.06,829541.413,-29600.64696,0.03445372813
rolling_24,2026-01,drift,3,889938.42,848830.3096,-41108.11043,0.04619208421
rolling_24,2026-01,drift,4,925608.14,868119.2061,-57488.93391,0.06210936511
rolling_24,2026-01,drift,5,968801.82,887408.1026,-81393.71739,0.08401482709
rolling_24,2026-01,drift,6,997181.74,906696.9991,-90484.74087,0.09074047111
rolling_24,2026-01,log_linear,1,841882.84,763997.9178,-77884.92215,0.09251278023
rolling_24,2026-01,log_linear,2,859142.06,791158.6442,-67983.41575,0.07912942331
rolling_24,2026-01,log_linear,3,889938.42,819284.9558,-70653.46418,0.07939140798
rolling_24,2026-01,log_linear,4,925608.14,848411.1799,-77196.96013,0.08340134101
rolling_24,2026-01,log_linear,5,968801.82,878572.8641,-90228.95592,0.09313458548
rolling_24,2026-01,log_linear,6,997181.74,909806.8199,-87374.92013,0.08762186132
rolling_24,2026-01,holt,1,841882.84,817919.4099,-23963.43013,0.02846409143
rolling_24,2026-01,holt,2,859142.06,854287.7712,-4854.288804,0.00565015849
rolling_24,2026-01,holt,3,889938.42,890656.1325,717.7125259,0.0008064743692
rolling_24,2026-01,holt,4,925608.14,927024.4939,1416.353856,0.001530187338
rolling_24,2026-01,holt,5,968801.82,963392.8552,-5408.964814,0.005583148898
rolling_24,2026-01,holt,6,997181.74,999761.2165,2579.476516,0.002586766697
rolling_24,2026-01,driver_nrr,1,841882.84,824370.0861,-17512.7539,0.02080188961
rolling_24,2026-01,driver_nrr,2,859142.06,857989.3878,-1152.672245,0.001341655005
rolling_24,2026-01,driver_nrr,3,889938.42,891822.881,1884.460968,0.002117518387
rolling_24,2026-01,driver_nrr,4,925608.14,925871.9304,263.7903691,0.0002849914102
rolling_24,2026-01,driver_nrr,5,968801.82,960137.9093,-8663.910714,0.008942913334
rolling_24,2026-01,driver_nrr,6,997181.74,994622.1998,-2559.540203,0.00256677404
rolling_24,2026-02,naive,1,859142.06,841882.84,-17259.22,0.02008890125
rolling_24,2026-02,naive,2,889938.42,841882.84,-48055.58,0.05399876994
rolling_24,2026-02,naive,3,925608.14,841882.84,-83725.3,0.09045436874
rolling_24,2026-02,naive,4,968801.82,841882.84,-126918.98,0.1310061329
rolling_24,2026-02,naive,5,997181.74,841882.84,-155298.9,0.1557378096
rolling_24,2026-02,naive,6,1031192.8,841882.84,-189309.96,0.1835834773
rolling_24,2026-02,drift,1,859142.06,862557.1374,3415.077391,0.003974985687
rolling_24,2026-02,drift,2,889938.42,883231.4348,-6706.985217,0.007536459902
rolling_24,2026-02,drift,3,925608.14,903905.7322,-21702.40783,0.02344664755
rolling_24,2026-02,drift,4,968801.82,924580.0296,-44221.79043,0.04564585813
rolling_24,2026-02,drift,5,997181.74,945254.327,-51927.41304,0.0520741716
rolling_24,2026-02,drift,6,1031192.8,965928.6243,-65264.17565,0.06328998384
rolling_24,2026-02,log_linear,1,859142.06,807865.5221,-51276.53794,0.05968342179
rolling_24,2026-02,log_linear,2,889938.42,837854.2647,-52084.15531,0.05852557227
rolling_24,2026-02,log_linear,3,925608.14,868956.2182,-56651.92181,0.06120508168
rolling_24,2026-02,log_linear,4,968801.82,901212.706,-67589.11398,0.0697656761
rolling_24,2026-02,log_linear,5,997181.74,934666.5856,-62515.15439,0.06269183629
rolling_24,2026-02,log_linear,6,1031192.8,969362.3053,-61830.49473,0.05996016916
rolling_24,2026-02,holt,1,859142.06,881517.5106,22375.4506,0.02604394737
rolling_24,2026-02,holt,2,889938.42,921152.1812,31213.7612,0.0350740686
rolling_24,2026-02,holt,3,925608.14,960786.8518,35178.71179,0.03800605275
rolling_24,2026-02,holt,4,968801.82,1000421.522,31619.70239,0.03263794693
rolling_24,2026-02,holt,5,997181.74,1040056.193,42874.45299,0.04299562584
rolling_24,2026-02,holt,6,1031192.8,1079690.864,48498.06359,0.04703103395
rolling_24,2026-02,driver_nrr,1,859142.06,880546.0568,21403.99683,0.02491322196
rolling_24,2026-02,driver_nrr,2,889938.42,919376.993,29438.57297,0.03307933708
rolling_24,2026-02,driver_nrr,3,925608.14,958376.376,32768.23598,0.03540184508
rolling_24,2026-02,driver_nrr,4,968801.82,997544.9366,28743.11657,0.02966872685
rolling_24,2026-02,driver_nrr,5,997181.74,1036883.409,39701.66863,0.03981387448
rolling_24,2026-02,driver_nrr,6,1031192.8,1076392.529,45199.72922,0.04383247169
rolling_24,2026-03,naive,1,889938.42,859142.06,-30796.36,0.03460504604
rolling_24,2026-03,naive,2,925608.14,859142.06,-66466.08,0.07180801154
rolling_24,2026-03,naive,3,968801.82,859142.06,-109659.76,0.1131911168
rolling_24,2026-03,naive,4,997181.74,859142.06,-138039.68,0.1384298112
rolling_24,2026-03,naive,5,1031192.8,859142.06,-172050.74,0.1668463356
rolling_24,2026-03,drift,1,889938.42,880074.1061,-9864.313913,0.01108426571
rolling_24,2026-03,drift,2,925608.14,901006.1522,-24601.98783,0.02657926909
rolling_24,2026-03,drift,3,968801.82,921938.1983,-46863.62174,0.04837276394
rolling_24,2026-03,drift,4,997181.74,942870.2443,-54311.49565,0.05446499216
rolling_24,2026-03,drift,5,1031192.8,963802.2904,-67390.50957,0.06535199777
rolling_24,2026-03,log_linear,1,889938.42,853218.7701,-36719.64994,0.04126088852
rolling_24,2026-03,log_linear,2,925608.14,886244.8343,-39363.30567,0.04252696575
rolling_24,2026-03,log_linear,3,968801.82,920549.2588,-48252.56119,0.0498064312
rolling_24,2026-03,log_linear,4,997181.74,956181.5258,-41000.21424,0.04111609007
rolling_24,2026-03,log_linear,5,1031192.8,993193.0328,-37999.76719,0.03685030305
rolling_24,2026-03,holt,1,889938.42,905481.8185,15543.39846,0.01746570112
rolling_24,2026-03,holt,2,925608.14,945315.7977,19707.65766,0.02129157772
rolling_24,2026-03,holt,3,968801.82,985149.7769,16347.95685,0.01687440766
rolling_24,2026-03,holt,4,997181.74,1024983.756,27802.01605,0.0278805908
rolling_24,2026-03,holt,5,1031192.8,1064817.735,33624.93524,0.03260780646
rolling_24,2026-03,driver_nrr,1,889938.42,891452.1629,1513.742888,0.001700952396
rolling_24,2026-03,driver_nrr,2,925608.14,923894.2027,-1713.937313,0.001851687814
rolling_24,2026-03,driver_nrr,3,968801.82,956468.7182,-12333.10184,0.01273026288
rolling_24,2026-03,driver_nrr,4,997181.74,989176.2503,-8005.489744,0.008028115059
rolling_24,2026-03,driver_nrr,5,1031192.8,1022017.342,-9175.457848,0.008897907208
rolling_24,2026-04,naive,1,925608.14,889938.42,-35669.72,0.03853652367
rolling_24,2026-04,naive,2,968801.82,889938.42,-78863.4,0.08140302627
rolling_24,2026-04,naive,3,997181.74,889938.42,-107243.32,0.1075464138
rolling_24,2026-04,naive,4,1031192.8,889938.42,-141254.38,0.1369815422
rolling_24,2026-04,drift,1,925608.14,912106.4383,-13501.70174,0.01458684421
rolling_24,2026-04,drift,2,968801.82,934274.4565,-34527.36348,0.035639243
rolling_24,2026-04,drift,3,997181.74,956442.4748,-40739.26522,0.04085440355
rolling_24,2026-04,drift,4,1031192.8,978610.493,-52582.30696,0.05099173206
rolling_24,2026-04,log_linear,1,925608.14,900645.2243,-24962.91575,0.02696920507
rolling_24,2026-04,log_linear,2,968801.82,936884.0461,-31917.77392,0.03294561722
rolling_24,2026-04,log_linear,3,997181.74,974580.9917,-22600.74834,0.02266462314
rolling_24,2026-04,log_linear,4,1031192.8,1013794.731,-17398.06917,0.01687179077
rolling_24,2026-04,holt,1,925608.14,934752.2263,9144.086265,0.009879003727
rolling_24,2026-04,holt,2,968801.82,971731.1466,2929.326636,0.003023659303
rolling_24,2026-04,holt,3,997181.74,1008710.067,11528.32701,0.01156090865
rolling_24,2026-04,holt,4,1031192.8,1045688.987,14496.18738,0.01405768871
rolling_24,2026-04,driver_nrr,1,925608.14,924100.5739,-1507.566133,0.001628730419
rolling_24,2026-04,driver_nrr,2,968801.82,958353.4615,-10448.35845,0.01078482538
rolling_24,2026-04,driver_nrr,3,997181.74,992697.324,-4484.415972,0.00449708994
rolling_24,2026-04,driver_nrr,4,1031192.8,1027132.403,-4060.397063,0.003937573132
rolling_24,2026-05,naive,1,968801.82,925608.14,-43193.68,0.04458463961
rolling_24,2026-05,naive,2,997181.74,925608.14,-71573.6,0.0717758831
rolling_24,2026-05,naive,3,1031192.8,925608.14,-105584.66,0.1023908041
rolling_24,2026-05,drift,1,968801.82,949196.3635,-19605.45652,0.0202368081
rolling_24,2026-05,drift,2,997181.74,972784.587,-24397.15304,0.02446610489
rolling_24,2026-05,drift,3,1031192.8,996372.8104,-34819.98957,0.03376671129
rolling_24,2026-05,log_linear,1,968801.82,948640.5947,-20161.22529,0.02081047421
rolling_24,2026-05,log_linear,2,997181.74,987982.1648,-9199.575235,0.009225575304
rolling_24,2026-05,log_linear,3,1031192.8,1028955.29,-2237.51036,0.002169827369
rolling_24,2026-05,holt,1,968801.82,965871.587,-2930.23295,0.003024594804
rolling_24,2026-05,holt,2,997181.74,1000657.725,3475.984995,0.003485808911
rolling_24,2026-05,holt,3,1031192.8,1035443.863,4251.062941,0.004122471512
rolling_24,2026-05,driver_nrr,1,968801.82,963399.9513,-5401.868655,0.005575824222
rolling_24,2026-05,driver_nrr,2,997181.74,1001342.918,4161.178182,0.004172938608
rolling_24,2026-05,driver_nrr,3,1031192.8,1039437.645,8244.845085,0.007995444776
rolling_24,2026-06,naive,1,997181.74,968801.82,-28379.92,0.02846012804
rolling_24,2026-06,naive,2,1031192.8,968801.82,-62390.98,0.06050370018
rolling_24,2026-06,drift,1,997181.74,994038.247,-3143.493043,0.003152377262
rolling_24,2026-06,drift,2,1031192.8,1019274.674,-11918.12609,0.01155761181
rolling_24,2026-06,log_linear,1,997181.74,997864.1491,682.4091296,0.0006843377713
rolling_24,2026-06,log_linear,2,1031192.8,1040239.261,9046.460968,0.008772812386
rolling_24,2026-06,holt,1,997181.74,1001322.297,4140.556572,0.004152258716
rolling_24,2026-06,holt,2,1031192.8,1036779.812,5587.01186,0.005418008989
rolling_24,2026-06,driver_nrr,1,997181.74,1006879.707,9697.967147,0.009725375785
rolling_24,2026-06,driver_nrr,2,1031192.8,1045073.491,13880.69111,0.01346081073
rolling_24,2026-07,naive,1,1031192.8,997181.74,-34011.06,0.03298225123
rolling_24,2026-07,drift,1,1031192.8,1023169.381,-8023.41913,0.007780716788
rolling_24,2026-07,log_linear,1,1031192.8,1045470.399,14277.5987,0.01384571217
rolling_24,2026-07,holt,1,1031192.8,1033674.612,2481.812225,0.002406739288
rolling_24,2026-07,driver_nrr,1,1031192.8,1031417.826,225.0257259,0.0002182188684
