cohort,months_since,live_logos,cohort_size,cohort_mrr,cohort_mrr_m0,revenue_retention_pct,logo_retention_pct
2023-09,0,6,6,10672.0,10672.0,100.0,100.0
2023-09,1,6,6,10672.0,10672.0,100.0,100.0
2023-09,2,6,6,10672.0,10672.0,100.0,100.0
2023-09,3,6,6,10672.0,10672.0,100.0,100.0
2023-09,4,6,6,10672.0,10672.0,100.0,100.0
2023-09,5,6,6,10672.0,10672.0,100.0,100.0
2023-09,6,6,6,10734.0,10672.0,100.6,100.0
2023-09,7,6,6,10734.0,10672.0,100.6,100.0
2023-09,8,6,6,10672.0,10672.0,100.0,100.0
2023-09,9,6,6,10672.0,10672.0,100.0,100.0
2023-09,10,6,6,10610.0,10672.0,99.4,100.0
2023-09,11,5,6,8410.0,10672.0,78.8,83.3
2023-09,12,5,6,8410.0,10672.0,78.8,83.3
2023-09,13,5,6,8410.0,10672.0,78.8,83.3
2023-09,14,5,6,8586.0,10672.0,80.5,83.3
2023-09,15,5,6,8586.0,10672.0,80.5,83.3
2023-09,16,5,6,8762.0,10672.0,82.1,83.3
2023-09,17,5,6,8762.0,10672.0,82.1,83.3
2023-09,18,5,6,8762.0,10672.0,82.1,83.3
2023-09,19,5,6,8586.0,10672.0,80.5,83.3
2023-09,20,5,6,8850.0,10672.0,82.9,83.3
2023-09,21,5,6,8788.0,10672.0,82.3,83.3
2023-09,22,5,6,8612.0,10672.0,80.7,83.3
2023-09,23,5,6,8964.0,10672.0,84.0,83.3
2023-09,24,5,6,9560.24,10672.0,89.6,83.3
2023-09,25,5,6,9912.24,10672.0,92.9,83.3
2023-09,26,5,6,9912.24,10672.0,92.9,83.3
2023-09,27,5,6,9985.4,10672.0,93.6,83.3
2023-09,28,5,6,9985.4,10672.0,93.6,83.3
2023-09,29,5,6,9985.4,10672.0,93.6,83.3
2023-09,30,5,6,10161.4,10672.0,95.2,83.3
2023-09,31,4,6,7169.4,10672.0,67.2,66.7
2023-09,32,4,6,7169.4,10672.0,67.2,66.7
2023-09,33,4,6,7169.4,10672.0,67.2,66.7
2023-09,34,4,6,7169.4,10672.0,67.2,66.7
2023-09,35,4,6,6847.08,10672.0,64.2,66.7
PRE-WINDOW,0,452,452,305791.0,305791.0,100.0,100.0
PRE-WINDOW,1,442,452,304150.0,305791.0,99.5,97.8
PRE-WINDOW,2,437,452,302808.0,305791.0,99.0,96.7
PRE-WINDOW,3,430,452,302593.0,305791.0,99.0,95.1
PRE-WINDOW,4,426,452,303250.0,305791.0,99.2,94.2
PRE-WINDOW,5,421,452,302053.0,305791.0,98.8,93.1
PRE-WINDOW,6,413,452,301420.0,305791.0,98.6,91.4
PRE-WINDOW,7,407,452,297867.0,305791.0,97.4,90.0
PRE-WINDOW,8,400,452,295372.0,305791.0,96.6,88.5
PRE-WINDOW,9,394,452,294450.0,305791.0,96.3,87.2
PRE-WINDOW,10,388,452,285662.0,305791.0,93.4,85.8
PRE-WINDOW,11,384,452,292740.0,305791.0,95.7,85.0
PRE-WINDOW,12,374,452,290589.0,305791.0,95.0,82.7
PRE-WINDOW,13,367,452,290998.0,305791.0,95.2,81.2
PRE-WINDOW,14,362,452,291116.0,305791.0,95.2,80.1
PRE-WINDOW,15,357,452,290513.0,305791.0,95.0,79.0
PRE-WINDOW,16,353,452,291448.0,305791.0,95.3,78.1
PRE-WINDOW,17,342,452,287647.1,305791.0,94.1,75.7
PRE-WINDOW,18,336,452,288663.36,305791.0,94.4,74.3
PRE-WINDOW,19,330,452,289522.06,305791.0,94.7,73.0
PRE-WINDOW,20,324,452,287720.8,305791.0,94.1,71.7
PRE-WINDOW,21,318,452,291469.12,305791.0,95.3,70.4
PRE-WINDOW,22,314,452,290280.0,305791.0,94.9,69.5
PRE-WINDOW,23,309,452,296285.82,305791.0,96.9,68.4
PRE-WINDOW,24,305,452,299089.34,305791.0,97.8,67.5
PRE-WINDOW,25,303,452,300166.34,305791.0,98.2,67.0
PRE-WINDOW,26,296,452,295799.98,305791.0,96.7,65.5
PRE-WINDOW,27,288,452,295231.56,305791.0,96.5,63.7
PRE-WINDOW,28,282,452,296965.66,305791.0,97.1,62.4
PRE-WINDOW,29,280,452,299736.4,305791.0,98.0,61.9
PRE-WINDOW,30,276,452,301675.38,305791.0,98.7,61.1
PRE-WINDOW,31,271,452,300175.7,305791.0,98.2,60.0
PRE-WINDOW,32,268,452,300829.5,305791.0,98.4,59.3
PRE-WINDOW,33,264,452,298171.08,305791.0,97.5,58.4
PRE-WINDOW,34,260,452,299380.84,305791.0,97.9,57.5
PRE-WINDOW,35,256,452,303756.72,305791.0,99.3,56.6
2023-10,0,4,4,3750.0,3750.0,100.0,100.0
2023-10,1,4,4,3750.0,3750.0,100.0,100.0
2023-10,2,4,4,3874.0,3750.0,103.3,100.0
2023-10,3,4,4,3874.0,3750.0,103.3,100.0
2023-10,4,3,4,3502.0,3750.0,93.4,75.0
2023-10,5,3,4,3502.0,3750.0,93.4,75.0
2023-10,6,3,4,3502.0,3750.0,93.4,75.0
2023-10,7,3,4,3678.0,3750.0,98.1,75.0
2023-10,8,3,4,3678.0,3750.0,98.1,75.0
2023-10,9,3,4,3740.0,3750.0,99.7,75.0
2023-10,10,3,4,3554.0,3750.0,94.8,75.0
2023-10,11,3,4,3492.0,3750.0,93.1,75.0
2023-10,12,3,4,3492.0,3750.0,93.1,75.0
2023-10,13,3,4,3228.0,3750.0,86.1,75.0
2023-10,14,3,4,3166.0,3750.0,84.4,75.0
2023-10,15,3,4,3430.0,3750.0,91.5,75.0
2023-10,16,3,4,3694.0,3750.0,98.5,75.0
2023-10,17,3,4,3694.0,3750.0,98.5,75.0
2023-10,18,2,4,3446.0,3750.0,91.9,50.0
2023-10,19,2,4,3446.0,3750.0,91.9,50.0
2023-10,20,2,4,3446.0,3750.0,91.9,50.0
2023-10,21,2,4,3446.0,3750.0,91.9,50.0
2023-10,22,2,4,3446.0,3750.0,91.9,50.0
2023-10,23,2,4,3446.0,3750.0,91.9,50.0
2023-10,24,2,4,3591.08,3750.0,95.8,50.0
2023-10,25,2,4,3855.08,3750.0,102.8,50.0
2023-10,26,2,4,3855.08,3750.0,102.8,50.0
2023-10,27,2,4,3855.08,3750.0,102.8,50.0
2023-10,28,2,4,3855.08,3750.0,102.8,50.0
2023-10,29,2,4,3855.08,3750.0,102.8,50.0
2023-10,30,2,4,3855.08,3750.0,102.8,50.0
2023-10,31,2,4,3855.08,3750.0,102.8,50.0
2023-10,32,2,4,3855.08,3750.0,102.8,50.0
2023-10,33,2,4,3855.08,3750.0,102.8,50.0
2023-10,34,2,4,3855.08,3750.0,102.8,50.0
2023-11,0,6,6,9806.0,9806.0,100.0,100.0
2023-11,1,6,6,9806.0,9806.0,100.0,100.0
2023-11,2,6,6,9806.0,9806.0,100.0,100.0
2023-11,3,5,6,9248.0,9806.0,94.3,83.3
2023-11,4,5,6,9248.0,9806.0,94.3,83.3
2023-11,5,5,6,9248.0,9806.0,94.3,83.3
2023-11,6,5,6,9248.0,9806.0,94.3,83.3
2023-11,7,5,6,9248.0,9806.0,94.3,83.3
2023-11,8,5,6,9248.0,9806.0,94.3,83.3
2023-11,9,5,6,9248.0,9806.0,94.3,83.3
2023-11,10,5,6,9662.0,9806.0,98.5,83.3
2023-11,11,5,6,9662.0,9806.0,98.5,83.3
2023-11,12,5,6,9662.0,9806.0,98.5,83.3
2023-11,13,5,6,9662.0,9806.0,98.5,83.3
2023-11,14,5,6,9600.0,9806.0,97.9,83.3
2023-11,15,5,6,9600.0,9806.0,97.9,83.3
2023-11,16,5,6,9776.0,9806.0,99.7,83.3
2023-11,17,5,6,9838.0,9806.0,100.3,83.3
2023-11,18,5,6,9838.0,9806.0,100.3,83.3
2023-11,19,5,6,9776.0,9806.0,99.7,83.3
2023-11,20,4,6,9218.0,9806.0,94.0,66.7
2023-11,21,4,6,9746.0,9806.0,99.4,66.7
2023-11,22,4,6,9808.0,9806.0,100.0,66.7
2023-11,23,4,6,9808.0,9806.0,100.0,66.7
2023-11,24,4,6,9941.92,9806.0,101.4,66.7
2023-11,25,4,6,10205.92,9806.0,104.1,66.7
2023-11,26,4,6,10029.92,9806.0,102.3,66.7
2023-11,27,4,6,10029.92,9806.0,102.3,66.7
2023-11,28,4,6,10704.24,9806.0,109.2,66.7
2023-11,29,4,6,11320.24,9806.0,115.4,66.7
2023-11,30,4,6,11320.24,9806.0,115.4,66.7
2023-11,31,4,6,11320.24,9806.0,115.4,66.7
2023-11,32,4,6,11393.4,9806.0,116.2,66.7
2023-11,33,4,6,11466.56,9806.0,116.9,66.7
2023-12,0,3,3,1674.0,1674.0,100.0,100.0
2023-12,1,3,3,1674.0,1674.0,100.0,100.0
2023-12,2,3,3,1674.0,1674.0,100.0,100.0
2023-12,3,3,3,1674.0,1674.0,100.0,100.0
2023-12,4,3,3,1674.0,1674.0,100.0,100.0
2023-12,5,3,3,1674.0,1674.0,100.0,100.0
2023-12,6,3,3,1674.0,1674.0,100.0,100.0
2023-12,7,3,3,1674.0,1674.0,100.0,100.0
2023-12,8,3,3,1674.0,1674.0,100.0,100.0
2023-12,9,3,3,1674.0,1674.0,100.0,100.0
2023-12,10,3,3,1674.0,1674.0,100.0,100.0
2023-12,11,3,3,1674.0,1674.0,100.0,100.0
2023-12,12,3,3,1674.0,1674.0,100.0,100.0
2023-12,13,3,3,1736.0,1674.0,103.7,100.0
2023-12,14,3,3,1674.0,1674.0,100.0,100.0
2023-12,15,1,3,434.0,1674.0,25.9,33.3
2023-12,16,1,3,434.0,1674.0,25.9,33.3
2023-12,17,1,3,434.0,1674.0,25.9,33.3
2023-12,18,1,3,434.0,1674.0,25.9,33.3
2023-12,19,1,3,434.0,1674.0,25.9,33.3
2023-12,20,1,3,434.0,1674.0,25.9,33.3
2023-12,21,1,3,434.0,1674.0,25.9,33.3
2023-12,22,1,3,434.0,1674.0,25.9,33.3
2023-12,23,1,3,434.0,1674.0,25.9,33.3
2023-12,24,1,3,512.12,1674.0,30.6,33.3
2023-12,25,1,3,512.12,1674.0,30.6,33.3
2023-12,26,1,3,585.28,1674.0,35.0,33.3
2023-12,27,1,3,585.28,1674.0,35.0,33.3
2023-12,28,0,3,0.0,1674.0,0.0,0.0
2024-01,0,6,6,10732.0,10732.0,100.0,100.0
2024-01,1,6,6,10732.0,10732.0,100.0,100.0
2024-01,2,5,6,10236.0,10732.0,95.4,83.3
2024-01,3,5,6,10236.0,10732.0,95.4,83.3
2024-01,4,5,6,10236.0,10732.0,95.4,83.3
2024-01,5,5,6,10236.0,10732.0,95.4,83.3
2024-01,6,5,6,10236.0,10732.0,95.4,83.3
2024-01,7,5,6,10236.0,10732.0,95.4,83.3
2024-01,8,5,6,10236.0,10732.0,95.4,83.3
2024-01,9,4,6,9802.0,10732.0,91.3,66.7
2024-01,10,4,6,9802.0,10732.0,91.3,66.7
2024-01,11,4,6,10528.0,10732.0,98.1,66.7
2024-01,12,4,6,10528.0,10732.0,98.1,66.7
2024-01,13,4,6,10590.0,10732.0,98.7,66.7
2024-01,14,4,6,10590.0,10732.0,98.7,66.7
2024-01,15,4,6,10590.0,10732.0,98.7,66.7
2024-01,16,4,6,10590.0,10732.0,98.7,66.7
2024-01,17,4,6,10590.0,10732.0,98.7,66.7
2024-01,18,4,6,12064.0,10732.0,112.4,66.7
2024-01,19,4,6,13274.0,10732.0,123.7,66.7
2024-01,20,4,6,14121.0,10732.0,131.6,66.7
2024-01,21,4,6,15995.0,10732.0,149.0,66.7
2024-01,22,4,6,15819.0,10732.0,147.4,66.7
2024-01,23,4,6,15819.0,10732.0,147.4,66.7
2024-01,24,4,6,15981.44,10732.0,148.9,66.7
2024-01,25,4,6,17070.44,10732.0,159.1,66.7
2024-01,26,4,6,17246.44,10732.0,160.7,66.7
2024-01,27,4,6,17246.44,10732.0,160.7,66.7
2024-01,28,4,6,19446.44,10732.0,181.2,66.7
2024-01,29,4,6,19446.44,10732.0,181.2,66.7
2024-01,30,4,6,19446.44,10732.0,181.2,66.7
2024-01,31,4,6,19446.44,10732.0,181.2,66.7
2024-02,0,1,1,9438.0,9438.0,100.0,100.0
2024-02,1,1,1,9438.0,9438.0,100.0,100.0
2024-02,2,1,1,9438.0,9438.0,100.0,100.0
2024-02,3,1,1,9438.0,9438.0,100.0,100.0
2024-02,4,1,1,9438.0,9438.0,100.0,100.0
2024-02,5,1,1,9438.0,9438.0,100.0,100.0
2024-02,6,1,1,9438.0,9438.0,100.0,100.0
2024-02,7,1,1,9438.0,9438.0,100.0,100.0
2024-02,8,1,1,9438.0,9438.0,100.0,100.0
2024-02,9,1,1,10285.0,9438.0,109.0,100.0
2024-02,10,1,1,10285.0,9438.0,109.0,100.0
2024-02,11,1,1,11737.0,9438.0,124.4,100.0
2024-02,12,1,1,11737.0,9438.0,124.4,100.0
2024-02,13,1,1,11737.0,9438.0,124.4,100.0
2024-02,14,1,1,11737.0,9438.0,124.4,100.0
2024-02,15,1,1,11737.0,9438.0,124.4,100.0
2024-02,16,1,1,11737.0,9438.0,124.4,100.0
2024-02,17,1,1,11737.0,9438.0,124.4,100.0
2024-02,18,1,1,11737.0,9438.0,124.4,100.0
2024-02,19,1,1,11737.0,9438.0,124.4,100.0
2024-02,20,1,1,11737.0,9438.0,124.4,100.0
2024-02,21,1,1,11737.0,9438.0,124.4,100.0
2024-02,22,1,1,13189.0,9438.0,139.7,100.0
2024-02,23,1,1,14399.0,9438.0,152.6,100.0
2024-02,24,1,1,14399.0,9438.0,152.6,100.0
2024-02,25,1,1,15851.0,9438.0,167.9,100.0
2024-02,26,1,1,15851.0,9438.0,167.9,100.0
2024-02,27,1,1,15851.0,9438.0,167.9,100.0
2024-02,28,1,1,15851.0,9438.0,167.9,100.0
2024-02,29,1,1,15851.0,9438.0,167.9,100.0
2024-02,30,1,1,15851.0,9438.0,167.9,100.0
2024-03,0,6,6,20122.0,20122.0,100.0,100.0
2024-03,1,6,6,20122.0,20122.0,100.0,100.0
2024-03,2,5,6,15810.0,20122.0,78.6,83.3
2024-03,3,5,6,15810.0,20122.0,78.6,83.3
2024-03,4,5,6,16657.0,20122.0,82.8,83.3
2024-03,5,5,6,16657.0,20122.0,82.8,83.3
2024-03,6,5,6,16657.0,20122.0,82.8,83.3
2024-03,7,5,6,15931.0,20122.0,79.2,83.3
2024-03,8,5,6,15931.0,20122.0,79.2,83.3
2024-03,9,5,6,15931.0,20122.0,79.2,83.3
2024-03,10,5,6,16294.0,20122.0,81.0,83.3
2024-03,11,5,6,16356.0,20122.0,81.3,83.3
2024-03,12,5,6,16811.0,20122.0,83.5,83.3
2024-03,13,5,6,16811.0,20122.0,83.5,83.3
2024-03,14,5,6,16811.0,20122.0,83.5,83.3
2024-03,15,5,6,16811.0,20122.0,83.5,83.3
2024-03,16,5,6,16811.0,20122.0,83.5,83.3
2024-03,17,5,6,16811.0,20122.0,83.5,83.3
2024-03,18,5,6,16811.0,20122.0,83.5,83.3
2024-03,19,5,6,16811.0,20122.0,83.5,83.3
2024-03,20,5,6,16811.0,20122.0,83.5,83.3
2024-03,21,5,6,17658.0,20122.0,87.8,83.3
2024-03,22,5,6,18868.0,20122.0,93.8,83.3
2024-03,23,5,6,18868.0,20122.0,93.8,83.3
2024-03,24,5,6,19014.32,20122.0,94.5,83.3
2024-03,25,5,6,19014.32,20122.0,94.5,83.3
2024-03,26,5,6,19014.32,20122.0,94.5,83.3
2024-03,27,5,6,21676.32,20122.0,107.7,83.3
2024-03,28,5,6,21676.32,20122.0,107.7,83.3
2024-03,29,5,6,22116.32,20122.0,109.9,83.3
2024-04,0,9,9,14884.0,14884.0,100.0,100.0
2024-04,1,9,9,15236.0,14884.0,102.4,100.0
2024-04,2,9,9,15236.0,14884.0,102.4,100.0
2024-04,3,9,9,15236.0,14884.0,102.4,100.0
2024-04,4,9,9,15236.0,14884.0,102.4,100.0
2024-04,5,9,9,15236.0,14884.0,102.4,100.0
2024-04,6,9,9,14936.0,14884.0,100.3,100.0
2024-04,7,9,9,15438.0,14884.0,103.7,100.0
2024-04,8,9,9,15438.0,14884.0,103.7,100.0
2024-04,9,9,9,15614.0,14884.0,104.9,100.0
2024-04,10,9,9,15614.0,14884.0,104.9,100.0
2024-04,11,9,9,15614.0,14884.0,104.9,100.0
2024-04,12,9,9,15937.64,14884.0,107.1,100.0
2024-04,13,9,9,15761.64,14884.0,105.9,100.0
2024-04,14,9,9,15761.64,14884.0,105.9,100.0
2024-04,15,9,9,15761.64,14884.0,105.9,100.0
2024-04,16,9,9,15761.64,14884.0,105.9,100.0
2024-04,17,9,9,15761.64,14884.0,105.9,100.0
2024-04,18,9,9,16201.64,14884.0,108.9,100.0
2024-04,19,9,9,16201.64,14884.0,108.9,100.0
2024-04,20,9,9,16201.64,14884.0,108.9,100.0
2024-04,21,9,9,16641.64,14884.0,111.8,100.0
2024-04,22,9,9,16289.64,14884.0,109.4,100.0
2024-04,23,9,9,16289.64,14884.0,109.4,100.0
2024-04,24,8,9,15602.56,14884.0,104.8,88.9
2024-04,25,8,9,15939.72,14884.0,107.1,88.9
2024-04,26,8,9,15587.72,14884.0,104.7,88.9
2024-04,27,8,9,15587.72,14884.0,104.7,88.9
2024-04,28,8,9,16203.72,14884.0,108.9,88.9
2024-05,0,8,8,8710.0,8710.0,100.0,100.0
2024-05,1,8,8,8710.0,8710.0,100.0,100.0
2024-05,2,7,8,6950.0,8710.0,79.8,87.5
2024-05,3,7,8,6950.0,8710.0,79.8,87.5
2024-05,4,7,8,6950.0,8710.0,79.8,87.5
2024-05,5,7,8,6950.0,8710.0,79.8,87.5
2024-05,6,7,8,6950.0,8710.0,79.8,87.5
2024-05,7,7,8,6950.0,8710.0,79.8,87.5
2024-05,8,7,8,7012.0,8710.0,80.5,87.5
2024-05,9,7,8,7188.0,8710.0,82.5,87.5
2024-05,10,7,8,7126.0,8710.0,81.8,87.5
2024-05,11,7,8,7126.0,8710.0,81.8,87.5
2024-05,12,7,8,7806.76,8710.0,89.6,87.5
2024-05,13,7,8,7806.76,8710.0,89.6,87.5
2024-05,14,7,8,7894.76,8710.0,90.6,87.5
2024-05,15,7,8,8246.76,8710.0,94.7,87.5
2024-05,16,7,8,8246.76,8710.0,94.7,87.5
2024-05,17,7,8,8319.92,8710.0,95.5,87.5
2024-05,18,7,8,8319.92,8710.0,95.5,87.5
2024-05,19,7,8,8319.92,8710.0,95.5,87.5
2024-05,20,7,8,8319.92,8710.0,95.5,87.5
2024-05,21,7,8,8319.92,8710.0,95.5,87.5
2024-05,22,7,8,8466.24,8710.0,97.2,87.5
2024-05,23,7,8,8466.24,8710.0,97.2,87.5
2024-05,24,7,8,8539.4,8710.0,98.0,87.5
2024-05,25,7,8,8758.88,8710.0,100.6,87.5
2024-05,26,7,8,8685.72,8710.0,99.7,87.5
2024-05,27,7,8,8949.72,8710.0,102.8,87.5
2024-06,0,4,4,3927.0,3927.0,100.0,100.0
2024-06,1,4,4,3927.0,3927.0,100.0,100.0
2024-06,2,4,4,3927.0,3927.0,100.0,100.0
2024-06,3,4,4,3927.0,3927.0,100.0,100.0
2024-06,4,4,4,3927.0,3927.0,100.0,100.0
2024-06,5,4,4,3927.0,3927.0,100.0,100.0
2024-06,6,4,4,3927.0,3927.0,100.0,100.0
2024-06,7,4,4,3927.0,3927.0,100.0,100.0
2024-06,8,4,4,3927.0,3927.0,100.0,100.0
2024-06,9,4,4,3927.0,3927.0,100.0,100.0
2024-06,10,4,4,3927.0,3927.0,100.0,100.0
2024-06,11,4,4,3927.0,3927.0,100.0,100.0
2024-06,12,4,4,4152.62,3927.0,105.7,100.0
2024-06,13,4,4,4106.6,3927.0,104.6,100.0
2024-06,14,4,4,4370.6,3927.0,111.3,100.0
2024-06,15,4,4,4370.6,3927.0,111.3,100.0
2024-06,16,4,4,4370.6,3927.0,111.3,100.0
2024-06,17,4,4,4370.6,3927.0,111.3,100.0
2024-06,18,4,4,4443.76,3927.0,113.2,100.0
2024-06,19,4,4,4619.76,3927.0,117.6,100.0
2024-06,20,4,4,4619.76,3927.0,117.6,100.0
2024-06,21,4,4,4956.92,3927.0,126.2,100.0
2024-06,22,4,4,4956.92,3927.0,126.2,100.0
2024-06,23,4,4,5220.92,3927.0,132.9,100.0
2024-06,24,3,4,4852.76,3927.0,123.6,75.0
2024-06,25,3,4,4852.76,3927.0,123.6,75.0
2024-06,26,3,4,4852.76,3927.0,123.6,75.0
2024-07,0,5,5,14986.0,14986.0,100.0,100.0
2024-07,1,5,5,14986.0,14986.0,100.0,100.0
2024-07,2,5,5,14986.0,14986.0,100.0,100.0
2024-07,3,5,5,14986.0,14986.0,100.0,100.0
2024-07,4,5,5,14986.0,14986.0,100.0,100.0
2024-07,5,5,5,14986.0,14986.0,100.0,100.0
2024-07,6,5,5,14986.0,14986.0,100.0,100.0
2024-07,7,5,5,15954.0,14986.0,106.5,100.0
2024-07,8,5,5,15954.0,14986.0,106.5,100.0
2024-07,9,5,5,15954.0,14986.0,106.5,100.0
2024-07,10,5,5,15768.0,14986.0,105.2,100.0
2024-07,11,5,5,16006.0,14986.0,106.8,100.0
2024-07,12,5,5,16218.04,14986.0,108.2,100.0
2024-07,13,5,5,16218.04,14986.0,108.2,100.0
2024-07,14,5,5,16218.04,14986.0,108.2,100.0
2024-07,15,4,5,15090.96,14986.0,100.7,80.0
2024-07,16,4,5,15090.96,14986.0,100.7,80.0
2024-07,17,4,5,15354.96,14986.0,102.5,80.0
2024-07,18,4,5,15354.96,14986.0,102.5,80.0
2024-07,19,4,5,15428.12,14986.0,103.0,80.0
2024-07,20,4,5,15428.12,14986.0,103.0,80.0
2024-07,21,4,5,15428.12,14986.0,103.0,80.0
2024-07,22,4,5,15428.12,14986.0,103.0,80.0
2024-07,23,4,5,15428.12,14986.0,103.0,80.0
2024-07,24,4,5,15428.12,14986.0,103.0,80.0
2024-07,25,4,5,15428.12,14986.0,103.0,80.0
2024-08,0,5,5,6410.0,6410.0,100.0,100.0
2024-08,1,5,5,6348.0,6410.0,99.0,100.0
2024-08,2,5,5,6348.0,6410.0,99.0,100.0
2024-08,3,5,5,6410.0,6410.0,100.0,100.0
2024-08,4,5,5,6410.0,6410.0,100.0,100.0
2024-08,5,4,5,6100.0,6410.0,95.2,80.0
2024-08,6,4,5,6038.0,6410.0,94.2,80.0
2024-08,7,4,5,6038.0,6410.0,94.2,80.0
2024-08,8,4,5,6302.0,6410.0,98.3,80.0
2024-08,9,4,5,6778.0,6410.0,105.7,80.0
2024-08,10,4,5,6778.0,6410.0,105.7,80.0
2024-08,11,3,5,4578.0,6410.0,71.4,60.0
2024-08,12,3,5,4879.32,6410.0,76.1,60.0
2024-08,13,2,5,4220.88,6410.0,65.8,40.0
2024-08,14,2,5,4220.88,6410.0,65.8,40.0
2024-08,15,2,5,4220.88,6410.0,65.8,40.0
2024-08,16,2,5,4660.88,6410.0,72.7,40.0
2024-08,17,2,5,4660.88,6410.0,72.7,40.0
2024-08,18,2,5,4660.88,6410.0,72.7,40.0
2024-08,19,2,5,4660.88,6410.0,72.7,40.0
2024-08,20,1,5,3344.0,6410.0,52.2,20.0
2024-08,21,1,5,3344.0,6410.0,52.2,20.0
2024-08,22,1,5,3344.0,6410.0,52.2,20.0
2024-08,23,1,5,3344.0,6410.0,52.2,20.0
2024-08,24,1,5,3344.0,6410.0,52.2,20.0
2024-09,0,12,12,12582.0,12582.0,100.0,100.0
2024-09,1,12,12,12706.0,12582.0,101.0,100.0
2024-09,2,11,12,12148.0,12582.0,96.6,91.7
2024-09,3,11,12,12148.0,12582.0,96.6,91.7
2024-09,4,11,12,12086.0,12582.0,96.1,91.7
2024-09,5,11,12,12314.0,12582.0,97.9,91.7
2024-09,6,10,12,12004.0,12582.0,95.4,83.3
2024-09,7,10,12,12092.0,12582.0,96.1,83.3
2024-09,8,10,12,12092.0,12582.0,96.1,83.3
2024-09,9,10,12,12092.0,12582.0,96.1,83.3
2024-09,10,10,12,12092.0,12582.0,96.1,83.3
2024-09,11,10,12,12092.0,12582.0,96.1,83.3
2024-09,12,9,12,12175.0,12582.0,96.8,75.0
2024-09,13,10,12,13272.4,12582.0,105.5,83.3
2024-09,14,10,12,13008.4,12582.0,103.4,83.3
2024-09,15,10,12,13008.4,12582.0,103.4,83.3
2024-09,16,10,12,12935.24,12582.0,102.8,83.3
2024-09,17,10,12,12935.24,12582.0,102.8,83.3
2024-09,18,10,12,13375.24,12582.0,106.3,83.3
2024-09,19,10,12,13521.56,12582.0,107.5,83.3
2024-09,20,9,12,11145.56,12582.0,88.6,75.0
2024-09,21,9,12,11218.72,12582.0,89.2,75.0
2024-09,22,9,12,11218.72,12582.0,89.2,75.0
2024-09,23,9,12,11218.72,12582.0,89.2,75.0
2024-10,0,8,8,14608.0,14608.0,100.0,100.0
2024-10,1,8,8,14608.0,14608.0,100.0,100.0
2024-10,2,8,8,14608.0,14608.0,100.0,100.0
2024-10,3,8,8,14670.0,14608.0,100.4,100.0
2024-10,4,7,8,14174.0,14608.0,97.0,87.5
2024-10,5,7,8,14236.0,14608.0,97.5,87.5
2024-10,6,7,8,14236.0,14608.0,97.5,87.5
2024-10,7,7,8,14236.0,14608.0,97.5,87.5
2024-10,8,6,8,13492.0,14608.0,92.4,75.0
2024-10,9,6,8,13492.0,14608.0,92.4,75.0
2024-10,10,6,8,13492.0,14608.0,92.4,75.0
2024-10,11,6,8,13492.0,14608.0,92.4,75.0
2024-10,12,6,8,14222.16,14608.0,97.4,75.0
2024-10,13,6,8,14222.16,14608.0,97.4,75.0
2024-10,14,6,8,14339.84,14608.0,98.2,75.0
2024-10,15,6,8,14339.84,14608.0,98.2,75.0
2024-10,16,5,8,14370.56,14608.0,98.4,62.5
2024-10,17,5,8,14370.56,14608.0,98.4,62.5
2024-10,18,5,8,14370.56,14608.0,98.4,62.5
2024-10,19,5,8,14370.56,14608.0,98.4,62.5
2024-10,20,5,8,14370.56,14608.0,98.4,62.5
2024-10,21,5,8,14561.4,14608.0,99.7,62.5
2024-10,22,5,8,14561.4,14608.0,99.7,62.5
2024-11,0,7,7,9106.0,9106.0,100.0,100.0
2024-11,1,7,7,9432.0,9106.0,103.6,100.0
2024-11,2,7,7,9432.0,9106.0,103.6,100.0
2024-11,3,7,7,9344.0,9106.0,102.6,100.0
2024-11,4,7,7,9344.0,9106.0,102.6,100.0
2024-11,5,7,7,9344.0,9106.0,102.6,100.0
2024-11,6,7,7,9344.0,9106.0,102.6,100.0
2024-11,7,7,7,9696.0,9106.0,106.5,100.0
2024-11,8,7,7,9696.0,9106.0,106.5,100.0
2024-11,9,7,7,9696.0,9106.0,106.5,100.0
2024-11,10,7,7,9696.0,9106.0,106.5,100.0
2024-11,11,6,7,9448.0,9106.0,103.8,85.7
2024-11,12,6,7,9849.76,9106.0,108.2,85.7
2024-11,13,6,7,9849.76,9106.0,108.2,85.7
2024-11,14,6,7,9703.44,9106.0,106.6,85.7
2024-11,15,6,7,9703.44,9106.0,106.6,85.7
2024-11,16,5,7,8489.4,9106.0,93.2,71.4
2024-11,17,5,7,8489.4,9106.0,93.2,71.4
2024-11,18,5,7,8489.4,9106.0,93.2,71.4
2024-11,19,5,7,8562.56,9106.0,94.0,71.4
2024-11,20,5,7,8562.56,9106.0,94.0,71.4
2024-11,21,5,7,8562.56,9106.0,94.0,71.4
2024-12,0,8,8,6046.0,6046.0,100.0,100.0
2024-12,1,8,8,6108.0,6046.0,101.0,100.0
2024-12,2,7,8,5302.0,6046.0,87.7,87.5
2024-12,3,6,8,4806.0,6046.0,79.5,75.0
2024-12,4,6,8,4806.0,6046.0,79.5,75.0
2024-12,5,6,8,4806.0,6046.0,79.5,75.0
2024-12,6,6,8,4806.0,6046.0,79.5,75.0
2024-12,7,5,8,4698.0,6046.0,77.7,62.5
2024-12,8,4,8,4386.0,6046.0,72.5,50.0
2024-12,9,4,8,4386.0,6046.0,72.5,50.0
2024-12,10,3,8,3766.0,6046.0,62.3,37.5
2024-12,11,4,8,4386.0,6046.0,72.5,50.0
2024-12,12,4,8,4731.96,6046.0,78.3,50.0
2024-12,13,4,8,4731.96,6046.0,78.3,50.0
2024-12,14,3,8,4000.36,6046.0,66.2,37.5
2024-12,15,3,8,4264.36,6046.0,70.5,37.5
2024-12,16,3,8,4264.36,6046.0,70.5,37.5
2024-12,17,3,8,4528.36,6046.0,74.9,37.5
2024-12,18,3,8,4528.36,6046.0,74.9,37.5
2024-12,19,3,8,4601.52,6046.0,76.1,37.5
2024-12,20,3,8,5026.68,6046.0,83.1,37.5
2025-01,0,9,9,12174.0,12174.0,100.0,100.0
2025-01,1,9,9,11822.0,12174.0,97.1,100.0
2025-01,2,9,9,11760.0,12174.0,96.6,100.0
2025-01,3,9,9,11335.0,12174.0,93.1,100.0
2025-01,4,9,9,11335.0,12174.0,93.1,100.0
2025-01,5,8,9,10963.0,12174.0,90.1,88.9
2025-01,6,8,9,11326.0,12174.0,93.0,88.9
2025-01,7,8,9,11326.0,12174.0,93.0,88.9
2025-01,8,8,9,11326.0,12174.0,93.0,88.9
2025-01,9,8,9,11502.0,12174.0,94.5,88.9
2025-01,10,8,9,11502.0,12174.0,94.5,88.9
2025-01,11,8,9,11502.0,12174.0,94.5,88.9
2025-01,12,8,9,12077.36,12174.0,99.2,88.9
2025-01,13,8,9,12077.36,12174.0,99.2,88.9
2025-01,14,8,9,12077.36,12174.0,99.2,88.9
2025-01,15,6,9,9279.32,12174.0,76.2,66.7
2025-01,16,6,9,9279.32,12174.0,76.2,66.7
2025-01,17,6,9,9279.32,12174.0,76.2,66.7
2025-01,18,6,9,9279.32,12174.0,76.2,66.7
2025-01,19,6,9,9191.32,12174.0,75.5,66.7
2025-02,0,12,12,26643.0,26643.0,100.0,100.0
2025-02,1,12,12,26581.0,26643.0,99.8,100.0
2025-02,2,12,12,26581.0,26643.0,99.8,100.0
2025-02,3,10,12,24631.0,26643.0,92.4,83.3
2025-02,4,10,12,24631.0,26643.0,92.4,83.3
2025-02,5,10,12,24631.0,26643.0,92.4,83.3
2025-02,6,10,12,24445.0,26643.0,91.8,83.3
2025-02,7,9,12,23825.0,26643.0,89.4,75.0
2025-02,8,9,12,25519.0,26643.0,95.8,75.0
2025-02,9,9,12,27151.0,26643.0,101.9,75.0
2025-02,10,9,12,27213.0,26643.0,102.1,75.0
2025-02,11,9,12,27151.0,26643.0,101.9,75.0
2025-02,12,9,12,27518.04,26643.0,103.3,75.0
2025-02,13,8,12,27005.92,26643.0,101.4,66.7
2025-02,14,7,12,26493.8,26643.0,99.4,58.3
2025-02,15,7,12,26493.8,26643.0,99.4,58.3
2025-02,16,7,12,26493.8,26643.0,99.4,58.3
2025-02,17,7,12,27050.96,26643.0,101.5,58.3
2025-02,18,7,12,26977.8,26643.0,101.3,58.3
2025-03,0,9,9,20618.0,20618.0,100.0,100.0
2025-03,1,9,9,20618.0,20618.0,100.0,100.0
2025-03,2,9,9,20742.0,20618.0,100.6,100.0
2025-03,3,8,9,20370.0,20618.0,98.8,88.9
2025-03,4,8,9,20722.0,20618.0,100.5,88.9
2025-03,5,8,9,21690.0,20618.0,105.2,88.9
2025-03,6,7,9,20884.0,20618.0,101.3,77.8
2025-03,7,7,9,20884.0,20618.0,101.3,77.8
2025-03,8,7,9,19795.0,20618.0,96.0,77.8
2025-03,9,6,9,20433.0,20618.0,99.1,66.7
2025-03,10,5,9,20791.0,20618.0,100.8,55.6
2025-03,11,5,9,20791.0,20618.0,100.8,55.6
2025-03,12,5,9,22475.28,20618.0,109.0,55.6
2025-03,13,5,9,23685.28,20618.0,114.9,55.6
2025-03,14,5,9,23685.28,20618.0,114.9,55.6
2025-03,15,5,9,24125.28,20618.0,117.0,55.6
2025-03,16,5,9,24565.28,20618.0,119.1,55.6
2025-03,17,5,9,24917.28,20618.0,120.9,55.6
2025-04,0,8,8,9957.0,9957.0,100.0,100.0
2025-04,1,7,8,10069.0,9957.0,101.1,87.5
2025-04,2,7,8,10069.0,9957.0,101.1,87.5
2025-04,3,6,8,9739.0,9957.0,97.8,75.0
2025-04,4,6,8,9739.0,9957.0,97.8,75.0
2025-04,5,6,8,9739.0,9957.0,97.8,75.0
2025-04,6,6,8,9739.0,9957.0,97.8,75.0
2025-04,7,6,8,9739.0,9957.0,97.8,75.0
2025-04,8,6,8,9739.0,9957.0,97.8,75.0
2025-04,9,6,8,9739.0,9957.0,97.8,75.0
2025-04,10,6,8,9739.0,9957.0,97.8,75.0
2025-04,11,6,8,9739.0,9957.0,97.8,75.0
2025-04,12,6,8,10096.12,9957.0,101.4,75.0
2025-04,13,6,8,10096.12,9957.0,101.4,75.0
2025-04,14,5,8,9760.0,9957.0,98.0,62.5
2025-04,15,5,8,9760.0,9957.0,98.0,62.5
2025-04,16,5,8,9686.84,9957.0,97.3,62.5
2025-05,0,20,20,51761.0,51761.0,100.0,100.0
2025-05,1,20,20,51699.0,51761.0,99.9,100.0
2025-05,2,19,20,48267.0,51761.0,93.2,95.0
2025-05,3,19,20,48567.0,51761.0,93.8,95.0
2025-05,4,18,20,48635.0,51761.0,94.0,90.0
2025-05,5,17,20,47645.0,51761.0,92.0,85.0
2025-05,6,17,20,48085.0,51761.0,92.9,85.0
2025-05,7,17,20,50197.0,51761.0,97.0,85.0
2025-05,8,17,20,50637.0,51761.0,97.8,85.0
2025-05,9,17,20,50513.0,51761.0,97.6,85.0
2025-05,10,16,20,47599.0,51761.0,92.0,80.0
2025-05,11,16,20,47537.0,51761.0,91.8,80.0
2025-05,12,16,20,48189.6,51761.0,93.1,80.0
2025-05,13,15,20,47780.32,51761.0,92.3,75.0
2025-05,14,15,20,48354.34,51761.0,93.4,75.0
2025-05,15,15,20,48354.34,51761.0,93.4,75.0
2025-06,0,15,15,17285.0,17285.0,100.0,100.0
2025-06,1,14,15,16851.0,17285.0,97.5,93.3
2025-06,2,14,15,17115.0,17285.0,99.0,93.3
2025-06,3,12,15,15999.0,17285.0,92.6,80.0
2025-06,4,12,15,15875.0,17285.0,91.8,80.0
2025-06,5,12,15,15875.0,17285.0,91.8,80.0
2025-06,6,11,15,15255.0,17285.0,88.3,73.3
2025-06,7,11,15,15118.0,17285.0,87.5,73.3
2025-06,8,11,15,15118.0,17285.0,87.5,73.3
2025-06,9,11,15,15454.0,17285.0,89.4,73.3
2025-06,10,11,15,15454.0,17285.0,89.4,73.3
2025-06,11,10,15,15251.0,17285.0,88.2,66.7
2025-06,12,10,15,15651.86,17285.0,90.6,66.7
2025-06,13,10,15,15957.84,17285.0,92.3,66.7
2025-06,14,10,15,15957.84,17285.0,92.3,66.7
2025-07,0,10,10,18075.0,18075.0,100.0,100.0
2025-07,1,8,10,17557.0,18075.0,97.1,80.0
2025-07,2,8,10,17557.0,18075.0,97.1,80.0
2025-07,3,8,10,18173.0,18075.0,100.5,80.0
2025-07,4,7,10,17677.0,18075.0,97.8,70.0
2025-07,5,7,10,17677.0,18075.0,97.8,70.0
2025-07,6,7,10,18546.0,18075.0,102.6,70.0
2025-07,7,7,10,18810.0,18075.0,104.1,70.0
2025-07,8,7,10,18986.0,18075.0,105.0,70.0
2025-07,9,7,10,18986.0,18075.0,105.0,70.0
2025-07,10,7,10,19250.0,18075.0,106.5,70.0
2025-07,11,7,10,19998.0,18075.0,110.6,70.0
2025-07,12,7,10,19998.0,18075.0,110.6,70.0
2025-07,13,7,10,19998.0,18075.0,110.6,70.0
2025-08,0,9,9,11342.0,11342.0,100.0,100.0
2025-08,1,9,9,11404.0,11342.0,100.5,100.0
2025-08,2,9,9,11466.0,11342.0,101.1,100.0
2025-08,3,9,9,11202.0,11342.0,98.8,100.0
2025-08,4,9,9,11202.0,11342.0,98.8,100.0
2025-08,5,9,9,12118.0,11342.0,106.8,100.0
2025-08,6,9,9,12118.0,11342.0,106.8,100.0
2025-08,7,9,9,12118.0,11342.0,106.8,100.0
2025-08,8,9,9,12366.0,11342.0,109.0,100.0
2025-08,9,9,9,12366.0,11342.0,109.0,100.0
2025-08,10,9,9,12281.0,11342.0,108.3,100.0
2025-08,11,9,9,12959.0,11342.0,114.3,100.0
2025-08,12,9,9,13907.5,11342.0,122.6,100.0
2025-09,0,17,17,53982.0,53982.0,100.0,100.0
2025-09,1,17,17,54357.0,53982.0,100.7,100.0
2025-09,2,16,17,54848.0,53982.0,101.6,94.1
2025-09,3,16,17,56494.0,53982.0,104.7,94.1
2025-09,4,16,17,56494.0,53982.0,104.7,94.1
2025-09,5,15,17,56160.0,53982.0,104.0,88.2
2025-09,6,15,17,56160.0,53982.0,104.0,88.2
2025-09,7,14,17,60446.0,53982.0,112.0,82.4
2025-09,8,14,17,61150.0,53982.0,113.3,82.4
2025-09,9,14,17,61751.0,53982.0,114.4,82.4
2025-09,10,14,17,62895.0,53982.0,116.5,82.4
2025-09,11,14,17,63181.0,53982.0,117.0,82.4
2025-10,0,10,10,14371.0,14371.0,100.0,100.0
2025-10,1,10,10,14837.0,14371.0,103.2,100.0
2025-10,2,9,10,14103.0,14371.0,98.1,90.0
2025-10,3,9,10,14142.0,14371.0,98.4,90.0
2025-10,4,9,10,14181.0,14371.0,98.7,90.0
2025-10,5,9,10,14005.0,14371.0,97.5,90.0
2025-10,6,9,10,14406.0,14371.0,100.2,90.0
2025-10,7,9,10,14383.0,14371.0,100.1,90.0
2025-10,8,8,10,12447.0,14371.0,86.6,80.0
2025-10,9,8,10,12408.0,14371.0,86.3,80.0
2025-10,10,7,10,12272.0,14371.0,85.4,70.0
2025-11,0,9,9,17002.0,17002.0,100.0,100.0
2025-11,1,9,9,17178.0,17002.0,101.0,100.0
2025-11,2,9,9,17178.0,17002.0,101.0,100.0
2025-11,3,8,9,13834.0,17002.0,81.4,88.9
2025-11,4,8,9,13834.0,17002.0,81.4,88.9
2025-11,5,8,9,13834.0,17002.0,81.4,88.9
2025-11,6,8,9,14274.0,17002.0,84.0,88.9
2025-11,7,8,9,14776.0,17002.0,86.9,88.9
2025-11,8,8,9,14776.0,17002.0,86.9,88.9
2025-11,9,8,9,15216.0,17002.0,89.5,88.9
2025-12,0,18,18,33472.0,33472.0,100.0,100.0
2025-12,1,18,18,35034.0,33472.0,104.7,100.0
2025-12,2,17,18,34662.0,33472.0,103.6,94.4
2025-12,3,16,18,34352.0,33472.0,102.6,88.9
2025-12,4,16,18,34476.0,33472.0,103.0,88.9
2025-12,5,16,18,34600.0,33472.0,103.4,88.9
2025-12,6,16,18,34864.0,33472.0,104.2,88.9
2025-12,7,16,18,36558.0,33472.0,109.2,88.9
2025-12,8,14,18,35122.0,33472.0,104.9,77.8
2026-01,0,14,14,40034.0,40034.0,100.0,100.0
2026-01,1,14,14,40298.0,40034.0,100.7,100.0
2026-01,2,14,14,40122.0,40034.0,100.2,100.0
2026-01,3,14,14,41332.0,40034.0,103.2,100.0
2026-01,4,14,14,43136.0,40034.0,107.7,100.0
2026-01,5,13,14,45801.0,40034.0,114.4,92.9
2026-01,6,13,14,47627.0,40034.0,119.0,92.9
2026-01,7,13,14,49618.0,40034.0,123.9,92.9
2026-02,0,18,18,51206.0,51206.0,100.0,100.0
2026-02,1,17,18,49094.0,51206.0,95.9,94.4
2026-02,2,17,18,49394.0,51206.0,96.5,94.4
2026-02,3,17,18,49570.0,51206.0,96.8,94.4
2026-02,4,17,18,51044.0,51206.0,99.7,94.4
2026-02,5,17,18,52133.0,51206.0,101.8,94.4
2026-02,6,16,18,51875.0,51206.0,101.3,88.9
2026-03,0,14,14,16726.0,16726.0,100.0,100.0
2026-03,1,14,14,16726.0,16726.0,100.0,100.0
2026-03,2,14,14,16726.0,16726.0,100.0,100.0
2026-03,3,12,14,15858.0,16726.0,94.8,85.7
2026-03,4,12,14,15972.0,16726.0,95.5,85.7
2026-03,5,12,14,16210.0,16726.0,96.9,85.7
2026-04,0,17,17,32351.0,32351.0,100.0,100.0
2026-04,1,16,17,31917.0,32351.0,98.7,94.1
2026-04,2,16,17,32155.0,32351.0,99.4,94.1
2026-04,3,16,17,33548.0,32351.0,103.7,94.1
2026-04,4,15,17,33114.0,32351.0,102.4,88.2
2026-05,0,16,16,30749.0,30749.0,100.0,100.0
2026-05,1,16,16,30886.0,30749.0,100.4,100.0
2026-05,2,16,16,30847.0,30749.0,100.3,100.0
2026-05,3,15,16,30815.0,30749.0,100.2,93.8
2026-06,0,22,22,39709.0,39709.0,100.0,100.0
2026-06,1,21,22,39213.0,39709.0,98.8,95.5
2026-06,2,21,22,39415.0,39709.0,99.3,95.5
2026-07,0,11,11,17665.0,17665.0,100.0,100.0
2026-07,1,9,11,16549.0,17665.0,93.7,81.8
2026-08,0,18,18,27328.0,27328.0,100.0,100.0
